symbol,issuer,rating_lp,price,price_source,currency,maturity_date,ytm,macaulay_duration,modified_duration,current_yield,n_cashflows,cashflow_confidence,structure_type,next_payment_date,final_payment_date,primary_species,ytm_mep,ytm_cable,tir_dispersion_bp,has_desarbitraje,monto_primary,qty_ops_primary,spread_pct_primary
AERBO,[AER],,102.0,AERBD (USD),USD,2026-12-15,0.035434,0.1781,0.175,0.051765,1,mae,bullet,2026-12-15,2026-12-15,MEP,0.035434,,0.0,False,10894.95,4,0.2941
ARC1O,Aeropuertos Argentina 2000 S.A.,AA+(arg),105.8,ARC1D (USD),USD,2031-08-01,0.002552,2.288,2.2851,0.069943,20,mae,amortizing,2026-11-01,2031-08-01,MEP,0.002552,0.022943,203.9,True,75008.5,37,0.4271
BYCWO,Banco de Galicia y Buenos Aires S.A.,AAA(arg),103.25,BYCWD (USD),USD,2026-11-30,-0.008824,0.137,0.1376,0.060533,1,confirmed,bullet,2026-11-30,2026-11-30,MEP,-0.008824,,0.0,False,74357.5,4,0.2907
CAC5O,Capex S.A.,AA(arg),52.6,CAC5D (USD),USD,2028-08-25,0.054945,1.0811,1.0522,0.088593,4,mae,amortizing,2027-02-25,2028-08-25,MEP,0.054945,0.083495,285.5,True,864.32,4,0.3612
CACBO,Capex S.A.,AA(arg),62.9688,CACBD (USD),USD,2028-06-17,-0.126425,0.9485,1.0125,0.073449,4,confirmed,amortizing,2026-12-17,2028-06-17,MEP,-0.126425,,0.0,False,355.65,4,0.6997
CS47O,Cresud S.A.C.I.F. y A.,AAA(arg),105.0,CS47D (USD),USD,2028-11-15,0.058964,1.9367,1.8812,0.067238,5,mae,bullet,2026-11-15,2028-11-15,MEP,0.058964,0.083217,242.5,True,9977.55,14,0.0952
CS48O,Cresud S.A.C.I.F. y A.,AAA(arg),105.7,CS48D (USD),USD,2028-07-11,0.057366,1.6408,1.5951,0.075686,4,confirmed,bullet,2027-01-11,2028-07-11,MEP,0.057366,0.084535,271.7,True,10653.12,36,0.3799
DNC3O,EDENOR S.A.,A+(arg),104.6,DNC3D (USD),USD,2026-11-22,0.023368,0.1151,0.1137,0.093308,1,mae,bullet,2026-11-22,2026-11-22,MEP,0.023368,,0.0,False,91842.89,108,0.0478
DNC5O,EDENOR S.A.,A+(arg),104.8,DNC5D (USD),USD,2028-08-05,0.076578,1.6893,1.627,0.091412,4,mae,bullet,2027-02-05,2028-08-05,MEP,0.076578,0.101585,250.1,True,47774.46,89,0.0954
EAC3O,MSU GREEN ENERGY S.A.U.,A+(arg),105.5,EAC3D (USD),USD,2028-12-20,0.07055,2.0018,1.9336,0.080758,5,mae,bullet,2026-12-20,2028-12-20,MEP,0.07055,,0.0,False,29564.25,20,2.3786
HJCFO,John Deere Credit Cía. Financiera S.A.,AA(arg),102.65,HJCFD (USD),USD,2028-10-21,-0.012842,2.0301,2.0433,0.0,5,mae,bullet,2026-10-21,2028-10-21,MEP,-0.012842,,0.0,False,230403.35,9,
HJCHO,John Deere Credit Cía. Financiera S.A.,AA(arg),103.0,HJCHD (USD),USD,2028-01-17,0.058697,1.2185,1.1838,0.068544,3,mae,bullet,2027-01-17,2028-01-17,MEP,0.058697,,0.0,False,1236.0,1,1.1165
HJCIO,John Deere Credit Cía. Financiera S.A.,AA(arg),104.6,HJCID (USD),USD,2028-10-21,0.056972,1.8787,1.8267,0.062333,5,mae,bullet,2026-10-21,2028-10-21,MEP,0.056972,,0.0,False,201435.3,14,1.8164
HJCJO,John Deere Credit Cía. Financiera S.A.,AA(arg),105.1,HJCJD (USD),USD,2027-07-25,0.017235,0.771,0.7645,0.061846,2,estimated,bullet,2027-01-25,2027-07-25,MEP,0.017235,,0.0,False,68441.0,8,0.8088
HJCKO,John Deere Credit Cía. Financiera S.A.,AA(arg),105.0,HJCKD (USD),USD,2029-01-16,0.043093,2.1297,2.0848,0.057143,5,estimated,bullet,2027-01-16,2029-01-16,MEP,0.043093,,0.0,False,10562.5,6,1.9231
IRCFO,IRSA Inversiones y Representaciones S.A.,AAA(arg),51.28,IRCFD (USD),USD,2028-06-22,0.045592,1.2551,1.2271,0.081123,4,mae,amortizing,2026-12-22,2028-06-22,MEP,0.045592,0.080113,345.2,True,38083.59,104,0.3326
IRCJO,IRSA Inversiones y Representaciones S.A.,AAA(arg),103.45,IRCJD (USD),USD,2027-02-28,0.00126,0.3836,0.3833,0.067666,1,mae,bullet,2027-02-28,2027-02-28,MEP,0.00126,,0.0,False,22786.12,54,0.3395
IRCNO,IRSA Inversiones y Representaciones S.A.,AAA(arg),103.45,IRCND (USD),USD,2027-10-22,0.035821,1.0026,0.985,0.056066,3,mae,bullet,2027-01-22,2027-10-22,MEP,0.035821,,0.0,False,15883.65,41,1.2726
IRCOO,IRSA Inversiones y Representaciones S.A.,AAA(arg),106.15,IRCOD (USD),USD,2029-10-23,0.055954,2.7445,2.6698,0.068771,7,mae,bullet,2027-01-23,2029-10-23,MEP,0.055954,,0.0,False,6202.81,50,0.0471
LMS7O,BLM DESARROLLOS SA,,71.45,LMS7D (USD),USD,2028-10-12,0.145178,0.9187,0.8565,0.073898,9,mae,amortizing,2026-10-12,2028-10-12,MEP,0.145178,0.186663,414.8,True,25891.22,26,0.2807
LMS8O,BLM DESARROLLOS SA,,53.5,LMS8D (USD),USD,2027-03-21,-0.135264,0.319,0.3421,0.058318,2,mae,amortizing,2026-12-21,2027-03-21,MEP,-0.135264,,0.0,False,508.25,1,2.3925
MGCMO,Pampa Energía S.A.,AAA(arg),108.15,MGCMD (USD),USD,2031-09-10,0.061691,4.1707,4.0459,0.073601,10,mae,bullet,2027-03-10,2031-09-10,MEP,0.061691,0.073454,117.6,False,316738.0,23,0.0463
MGCNO,Pampa Energía S.A.,AAA(arg),100.8,MGCND (USD),USD,2028-10-04,0.053751,1.9014,1.8516,0.056944,4,mae,bullet,2027-04-04,2028-10-04,MEP,0.053751,,0.0,False,43737.41,60,0.0993
MGCOO,Pampa Energía S.A.,AAA(arg),106.5,MGCOD (USD),USD,2034-12-16,0.072252,6.0842,5.8721,0.074178,17,mae,bullet,2026-12-16,2034-12-16,MEP,0.072252,,0.0,False,85035.0,8,0.141
MGCQO,Pampa Energía S.A.,AAA(arg),106.9,MGCQD (USD),USD,2028-08-06,0.040217,1.7228,1.6888,0.06782,4,confirmed,bullet,2027-02-06,2028-08-06,MEP,0.040217,0.068509,282.9,True,190460.57,43,0.1403
MSSFO,MSU S.A.,A+(arg),102.4,MSSFD (USD),USD,2027-07-23,0.063558,0.6361,0.6165,0.073242,4,confirmed,amortizing,2026-10-23,2027-07-23,MEP,0.063558,,0.0,False,2531.18,10,0.0977
OTS2O,[OTS],,102.7,OTS2D (USD),USD,2027-04-24,0.047572,0.5215,0.5094,0.068549,3,mae,bullet,2026-10-24,2027-04-24,MEP,0.047572,,0.0,False,91783.3,39,1.1198
OTS3O,[OTS],,104.75,OTS3D (USD),USD,2028-11-01,0.05276,1.9144,1.8652,0.067208,9,mae,bullet,2026-11-01,2028-11-01,MEP,0.05276,,0.0,False,7109.5,5,1.6497
OZC3O,EMPRESA DISTRIB DE ELECTRICIDAD DE MENDOZA S.A.,A+(arg),104.5,OZC3D (USD),USD,2027-11-29,0.06527,1.0778,1.0437,0.076555,3,confirmed,bullet,2026-11-29,2027-11-29,MEP,0.06527,,0.0,False,47136.08,70,0.1437
PLC1O,Pluspetrol S.A.,AAA(arg),103.95,PLC1D (USD),USD,2028-01-27,0.050323,1.2317,1.2015,0.057912,4,mae,bullet,2026-10-27,2028-01-27,MEP,0.050323,,0.0,False,50357.38,21,0.2411
PLC2O,Pluspetrol S.A.,AAA(arg),106.4,PLC2D (USD),USD,2030-01-27,0.064879,2.891,2.8002,0.070677,8,mae,bullet,2026-10-27,2030-01-27,MEP,0.064879,,0.0,False,90365.92,94,0.235
PLC3O,Pluspetrol S.A.,AAA(arg),104.0,PLC3D (USD),USD,2028-04-30,0.051031,1.4684,1.4318,0.057692,4,estimated,bullet,2026-10-30,2028-04-30,MEP,0.051031,,0.0,False,55131.03,42,0.0962
PLC4O,Pluspetrol S.A.,AAA(arg),109.65,PLC4D (USD),USD,2032-05-30,0.070634,4.5045,4.3508,0.077519,12,confirmed,bullet,2026-11-30,2032-05-30,MEP,0.070634,0.081207,105.7,False,157901.5,56,0.0456
PN34O,Pan American Energy LLC (PAE Sucursal),AAA(arg),101.85,PN34D (USD),USD,2027-09-27,0.032024,0.9496,0.9347,0.048306,2,mae,bullet,2027-03-27,2027-09-27,MEP,0.032024,0.083213,511.9,True,25047.05,13,0.8911
PN35O,Pan American Energy LLC (PAE Sucursal),AAA(arg),103.6,PN35D (USD),USD,2029-09-27,0.057544,2.726,2.6497,0.067568,6,mae,bullet,2027-03-27,2029-09-27,MEP,0.057544,,0.0,False,694150.83,169,0.0483
PN36O,Pan American Energy LLC (PAE Sucursal),AAA(arg),107.9,PN36D (USD),USD,2031-11-13,0.061128,4.2493,4.1233,0.067655,11,mae,bullet,2026-11-13,2031-11-13,MEP,0.061128,0.072465,113.4,False,55400.1,49,0.653
PN37O,Pan American Energy LLC (PAE Sucursal),AAA(arg),105.4,PN37D (USD),USD,2028-11-13,0.048184,1.9482,1.9023,0.059772,5,mae,bullet,2026-11-13,2028-11-13,MEP,0.048184,,0.0,False,57664.1,27,0.0474
PNXCO,Pan American Energy LLC (PAE Sucursal),AAA(arg),113.8,PNXCD (USD),USD,2032-04-30,0.059515,3.7766,3.6675,0.074692,12,mae,amortizing,2026-10-30,2032-04-30,MEP,0.059515,,0.0,False,11369.0,7,0.2643
PQCSO,Petroquímica Comodoro Rivadavia S.A.,AA(arg),101.05,PQCSD (USD),USD,2031-02-17,0.080253,3.7212,3.5777,0.079169,9,confirmed,bullet,2027-02-17,2031-02-17,MEP,0.080253,0.092734,124.8,False,64433.65,32,0.248
TLCMO,Telecom Argentina S.A.,AA+(arg),111.25,TLCMD (USD),USD,2031-07-18,0.067247,3.2174,3.1128,0.085393,10,mae,amortizing,2027-01-18,2031-07-18,MEP,0.067247,,0.0,False,479997.5,81,0.045
TLCOO,Telecom Argentina S.A.,AA+(arg),105.0,TLCOD (USD),USD,2028-11-28,0.057884,1.9725,1.917,0.067238,5,mae,bullet,2026-11-28,2028-11-28,MEP,0.057884,,0.0,False,110659.35,58,0.0476
TLCPO,Telecom Argentina S.A.,AA+(arg),110.6,TLCPD (USD),USD,2033-05-28,0.055357,5.3462,5.2022,0.063291,14,confirmed,bullet,2026-11-28,2033-05-28,MEP,0.055357,0.063657,83.0,False,300050.01,231,0.1356
TLCWO,Telecom Argentina S.A.,AA+(arg),99.1147,TLCWO (ARS/CCL),USD,2030-05-29,0.10694,3.0503,2.8955,0.093326,8,estimated,bullet,2026-11-29,2030-05-29,ARS/CCL,,,0.0,False,65395.0,2,2.7576
TSC3O,[TSC],,110.6,TSC3D (USD),USD,2031-07-24,0.063391,4.0034,3.8804,0.076854,10,mae,bullet,2027-01-24,2031-07-24,MEP,0.063391,,0.0,False,72025.0,6,0.362
TTC8O,Tecpetrol S.A.,AAA(arg),103.0,TTC8D (USD),USD,2027-10-24,0.043315,0.9994,0.9783,0.048738,3,mae,bullet,2026-10-24,2027-10-24,MEP,0.043315,,0.0,False,21298.46,22,0.1456
TTC9O,Tecpetrol S.A.,AAA(arg),105.6,TTC9D (USD),USD,2029-10-24,0.05903,2.7163,2.6384,0.064394,7,confirmed,bullet,2026-10-24,2029-10-24,MEP,0.05903,,0.0,False,51351.82,28,0.3314
TTCAO,Tecpetrol S.A.,AAA(arg),105.2,TTCAD (USD),USD,2033-01-22,0.068135,4.3898,4.2452,0.073004,13,mae,amortizing,2027-01-22,2033-01-22,MEP,0.068135,,0.0,False,31532.0,4,0.1429
TTCEO,Tecpetrol S.A.,AAA(arg),102.5,TTCED (USD),USD,2029-05-21,0.047692,2.4346,2.3779,0.04878,6,estimated,bullet,2026-11-21,2029-05-21,MEP,0.047692,,0.0,False,115439.09,97,0.0488
VSCPO,Vista Oil & Gas Argentina S.A.U.,,107.75,VSCPD (USD),USD,2029-05-03,0.055054,1.666,1.6214,0.074803,6,mae,amortizing,2026-11-03,2029-05-03,MEP,0.055054,,0.0,False,202047.54,98,0.1857
VSCQO,Vista Oil & Gas Argentina S.A.U.,,92.02,VSCQD (USD),USD,2028-07-08,0.080557,1.7017,1.6358,0.033036,7,mae,bullet,2027-01-08,2028-07-08,MEP,0.080557,,0.0,False,409.49,1,3.2748
VSCRO,Vista Oil & Gas Argentina S.A.U.,,106.0,VSCRD (USD),USD,2031-10-10,0.059477,3.5328,3.4307,0.071887,10,mae,amortizing,2027-04-10,2031-10-10,MEP,0.059477,0.072338,128.6,False,125357.36,105,0.1415
VSCTO,Vista Oil & Gas Argentina S.A.U.,,105.85,VSCTD (USD),USD,2035-12-10,0.07081,6.109,5.9001,0.072178,19,mae,amortizing,2026-12-10,2035-12-10,MEP,0.07081,,0.0,False,77201.5,7,0.1893
XMC1O,Minera Exar S.A.,AA(arg),104.75,XMC1D (USD),USD,2027-11-11,0.062425,0.796,0.7719,0.076945,3,mae,amortizing,2026-11-11,2027-11-11,MEP,0.062425,,0.0,False,53037.69,9,0.9065
YCAMO,[YCA],,108.25,YCAMD (USD),USD,2027-07-21,-0.015727,0.7593,0.7653,0.064296,2,mae,bullet,2027-01-21,2027-07-21,MEP,-0.015727,,0.0,False,32090.0,3,1.9783
YFCGO,YPF Energía Eléctrica S.A.,AAA(arg),102.0,YFCGD (USD),USD,2027-02-27,0.026037,0.3771,0.3723,0.058824,2,mae,bullet,2026-11-27,2027-02-27,MEP,0.026037,,0.0,False,265.75,8,0.6863
YFCJO,YPF Energía Eléctrica S.A.,AAA(arg),108.0,YFCJD (USD),USD,2032-10-16,0.06882,4.1008,3.9643,0.073148,13,mae,amortizing,2026-10-16,2032-10-16,MEP,0.06882,,0.0,False,2629150.5,392,0.2318
YFCKO,YPF Energía Eléctrica S.A.,AAA(arg),101.8,YFCKD (USD),USD,2026-11-22,-0.040655,0.1151,0.1175,0.025933,1,mae,bullet,2026-11-22,2026-11-22,MEP,-0.040655,,0.0,False,15320.07,4,0.6426
YFCLO,YPF Energía Eléctrica S.A.,AAA(arg),103.4,YFCLD (USD),USD,2028-11-22,0.055355,1.9758,1.9226,0.065764,9,mae,bullet,2026-11-22,2028-11-22,MEP,0.055355,,0.0,False,6556.65,13,0.3868
YM34O,YPF S.A.,AAA(arg),107.6,YM34D (USD),USD,2034-01-17,0.071229,5.0208,4.8482,0.077323,15,mae,amortizing,2027-01-17,2034-01-17,MEP,0.071229,0.080499,92.7,False,777925.21,535,0.093
YM37O,YPF S.A.,AAA(arg),103.2,YM37D (USD),USD,2027-05-07,0.035596,0.5574,0.5476,0.067829,3,confirmed,bullet,2026-11-07,2027-05-07,MEP,0.035596,0.103391,677.9,True,18750.82,31,0.1456
YM38O,YPF S.A.,AAA(arg),104.3,YM38D (USD),USD,2027-07-22,0.040606,0.7515,0.7365,0.071908,4,confirmed,bullet,2026-10-22,2027-07-22,MEP,0.040606,0.109871,692.6,True,204536.06,123,0.4312
YM39O,YPF S.A.,AAA(arg),109.85,YM39D (USD),USD,2030-07-22,0.064224,3.2262,3.1259,0.079654,16,confirmed,bullet,2026-10-22,2030-07-22,MEP,0.064224,0.07722,130.0,False,63643.09,53,0.0911
YMCIO,YPF S.A.,AAA(arg),94.9,YMCID (USD),USD,2029-06-30,0.031721,1.3902,1.3685,0.081349,6,mae,amortizing,2026-12-30,2029-06-30,MEP,0.031721,0.06511,333.9,True,77060.55,118,0.3065
YMCJO,YPF S.A.,AAA(arg),101.1,YMCJD (USD),USD,2033-09-30,0.067961,4.6071,4.4557,0.069238,14,mae,amortizing,2027-03-30,2033-09-30,MEP,0.067961,0.077982,100.2,False,132379.93,177,0.099
YMCXO,YPF S.A.,AAA(arg),108.6,YMCXD (USD),USD,2031-09-11,0.066121,3.6826,3.5648,0.080663,10,mae,amortizing,2027-03-11,2031-09-11,MEP,0.066121,0.079428,133.1,False,549907.06,364,0.0461
YMCYO,YPF S.A.,AAA(arg),102.0,YMCYD (USD),USD,2028-10-10,0.054756,1.8926,1.8422,0.063725,8,confirmed,bullet,2027-01-10,2028-10-10,MEP,0.054756,,0.0,False,17837.95,55,0.3431
