symbol,issuer,rating_lp,rating_bucket,sector,currency,price,ytm,macaulay_duration,modified_duration,current_yield,volume,liquidity_score,peer_count,peer_avg_ytm,peer_std_ytm,spread_vs_peers,spread_bps,percentile,rv_score,peer_group,peer_unique_issuers,peer_same_issuer_count,peer_same_issuer_ratio,signal_type,theoretical_price,upside_pct,carry_advantage_pct,is_outlier,maturity_date,n_cashflows,cashflow_confidence
AERBO,[AER],,Unrated,Sin mapear,USD,102.0,0.030673,0.2055,0.2024,0.051765,482876.3,89.17,,,,,,,,,,,,,,,,True,2026-12-15,1,mae
ARC1O,Aeropuertos Argentina 2000 S.A.,AA+(arg),AA,Infraestructura - Aeropuertos,USD,105.15,0.005192,2.31,2.304,0.070376,19470600.0,75.11,11.0,0.045058,0.055117,-0.039866,-398.7,18.2,-0.723,USD/AA/dur±1.5y,5.0,0.0,0.0,cross_credit,95.4917,-9.19,-9.21,False,2031-08-01,20,mae
BYCWO,Banco de Galicia y Buenos Aires S.A.,AAA(arg),AAA,Financiero - Bancos,USD,103.15,-0.001474,0.1644,0.1645,0.060591,290914700.0,79.08,,,,,,,,,,,,,,,,True,2026-11-30,1,confirmed
CAC5O,Capex S.A.,AA(arg),AA,Energía - Electricidad,USD,52.5,0.055333,1.1084,1.0785,0.088762,1334703.5,72.76,9.0,0.025199,0.05495,0.030134,301.3,44.4,0.548,USD/AA/dur±1.5y,5.0,1.0,0.111,cross_credit,54.2062,3.25,3.34,False,2028-08-25,4,mae
CACBO,Capex S.A.,AA(arg),AA,Energía - Electricidad,USD,61.5062,-0.100132,0.9672,1.0181,0.075196,49822278.5,77.67,9.0,0.042473,0.028877,-0.142605,-1426.0,0.0,-4.938,USD/AA/dur±1.5y,5.0,1.0,0.111,cross_credit,52.5764,-14.52,-13.79,False,2028-06-17,4,confirmed
CS47O,Cresud S.A.C.I.F. y A.,AAA(arg),AAA,Agro - Real Estate,USD,104.4,0.061135,1.9636,1.9053,0.067625,42233027.2,77.08,21.0,0.049523,0.010089,0.011612,116.1,81.0,1.151,USD/AAA/dur±1.5y,8.0,1.0,0.048,cross_credit,106.7098,2.21,2.28,False,2028-11-15,5,mae
CS48O,Cresud S.A.C.I.F. y A.,AAA(arg),AAA,Agro - Real Estate,USD,105.8,0.055828,1.6684,1.6231,0.075614,27653812.8,94.86,20.0,0.04903,0.009989,0.006798,68.0,70.0,0.68,USD/AAA/dur±1.5y,8.0,1.0,0.05,cross_credit,106.9673,1.1,1.13,False,2028-07-11,4,confirmed
DNC3O,EDENOR S.A.,A+(arg),A,,USD,104.15,0.049633,0.1425,0.139,0.093711,49464991.5,93.77,,,,,,,,,,,,,,,,True,2026-11-22,1,mae
DNC5O,EDENOR S.A.,A+(arg),A,,USD,105.0,0.074181,1.717,1.6556,0.091238,125493107.1,95.29,3.0,0.076715,0.011545,-0.002534,-25.3,66.7,-0.22,USD/A/dur±1.5y,3.0,0.0,0.0,cross_credit,104.5594,-0.42,-0.44,False,2028-08-05,4,mae
EAC3O,MSU GREEN ENERGY S.A.U.,A+(arg),A,,USD,101.4,0.089917,2.0244,1.9373,0.084024,18860970.0,75.73,3.0,0.07147,0.002844,0.018447,184.5,100.0,6.487,USD/A/dur±1.5y,3.0,0.0,0.0,cross_credit,105.0238,3.57,3.73,False,2028-12-20,5,mae
HJCFO,John Deere Credit Cía. Financiera S.A.,AA(arg),AA,Financiero - Crédito Industrial,USD,102.55,-0.012201,2.0575,2.0702,0.0,106021516.0,76.43,11.0,0.042247,0.05299,-0.054448,-544.5,9.1,-1.028,USD/AA/dur±1.5y,5.0,4.0,0.364,cross_credit,90.9908,-11.27,-11.2,False,2028-10-21,5,mae
HJCHO,John Deere Credit Cía. Financiera S.A.,AA(arg),AA,Financiero - Crédito Industrial,USD,102.6,0.060603,1.2458,1.2092,0.068811,3110400.0,71.44,9.0,0.024613,0.054553,0.03599,359.9,77.8,0.66,USD/AA/dur±1.5y,5.0,4.0,0.444,cross_credit,107.065,4.35,4.48,False,2028-01-17,3,mae
HJCIO,John Deere Credit Cía. Financiera S.A.,AA(arg),AA,Financiero - Crédito Industrial,USD,104.25,0.05795,1.9059,1.8523,0.062542,35636400.0,74.78,11.0,0.03587,0.055091,0.02208,220.8,45.5,0.401,USD/AA/dur±1.5y,5.0,4.0,0.364,cross_credit,108.5138,4.09,4.21,False,2028-10-21,5,mae
HJCJO,John Deere Credit Cía. Financiera S.A.,AA(arg),AA,Financiero - Crédito Industrial,USD,104.3,0.026314,0.7984,0.788,0.06232,86979800.0,76.73,8.0,0.031327,0.058994,-0.005013,-50.1,25.0,-0.085,USD/AA/dur±1.5y,4.0,4.0,0.5,cross_credit,103.888,-0.4,-0.4,False,2027-07-25,2,estimated
HJCKO,John Deere Credit Cía. Financiera S.A.,AA(arg),AA,Financiero - Crédito Industrial,USD,101.0,0.061025,2.1538,2.09,0.059406,39923000.0,76.47,11.0,0.03559,0.054958,0.025435,254.3,72.7,0.463,USD/AA/dur±1.5y,5.0,4.0,0.364,cross_credit,106.3691,5.32,5.48,False,2029-01-16,5,estimated
IRCFO,IRSA Inversiones y Representaciones S.A.,AAA(arg),AAA,Real Estate,USD,51.21,0.045696,1.2825,1.2538,0.081234,38636451.8,93.74,19.0,0.048849,0.009849,-0.003153,-31.5,36.8,-0.32,USD/AAA/dur±1.5y,8.0,2.0,0.105,cross_credit,51.0075,-0.4,-0.4,False,2028-06-22,4,mae
IRCJO,IRSA Inversiones y Representaciones S.A.,AAA(arg),AAA,Real Estate,USD,101.5,0.048049,0.411,0.4013,0.068966,51507112.3,93.75,,,,,,,,,,,,,,,,True,2027-02-28,1,mae
IRCNO,IRSA Inversiones y Representaciones S.A.,AAA(arg),AAA,Real Estate,USD,102.9,0.040133,1.03,1.0097,0.056365,5830617.5,73.47,16.0,0.047158,0.009155,-0.007025,-70.3,18.8,-0.767,USD/AAA/dur±1.5y,8.0,1.0,0.062,cross_credit,102.1701,-0.71,-0.72,False,2027-10-22,3,mae
IRCOO,IRSA Inversiones y Representaciones S.A.,AAA(arg),AAA,Real Estate,USD,104.0,0.062998,2.7684,2.6839,0.070192,74722534.1,78.67,19.0,0.056256,0.009041,0.006742,67.4,73.7,0.746,USD/AAA/dur±1.5y,8.0,1.0,0.053,cross_credit,105.8818,1.81,1.87,False,2029-10-23,7,mae
LMS7O,BLM DESARROLLOS SA,,Unrated,,USD,80.31,0.015982,0.9977,0.9898,0.065745,68101223.6,77.65,4.0,0.063808,0.011503,-0.047826,-478.3,0.0,-4.158,USD/Unrated/dur±1.5y,2.0,0.0,0.0,cross_credit,76.5083,-4.73,-4.77,False,2028-10-12,9,mae
LMS8O,BLM DESARROLLOS SA,,Unrated,,USD,53.5,-0.124905,0.3462,0.3693,0.058318,19848950.1,74.52,,,,,,,,,,,,,,,,True,2027-03-21,2,mae
MGCMO,Pampa Energía S.A.,AAA(arg),AAA,Energía - Electricidad,USD,105.9,0.066455,4.1894,4.0547,0.075165,292537400.0,78.08,13.0,0.065248,0.004773,0.001207,12.1,53.8,0.253,USD/AAA/dur±1.5y,6.0,0.0,0.0,cross_credit,106.4183,0.49,0.51,False,2031-09-10,10,mae
MGCNO,Pampa Energía S.A.,AAA(arg),AAA,Energía - Electricidad,USD,104.55,0.048404,1.8763,1.832,0.055093,18444998.8,76.0,21.0,0.050129,0.010396,-0.001725,-17.3,47.6,-0.166,USD/AAA/dur±1.5y,8.0,1.0,0.048,cross_credit,104.2195,-0.32,-0.32,False,2028-10-04,5,mae
MGCOO,Pampa Energía S.A.,AAA(arg),AAA,Energía - Electricidad,USD,105.2,0.074007,6.0985,5.8809,0.075095,831529000.0,79.48,31.0,0.05514,0.011876,0.018867,188.7,100.0,1.589,USD/AAA,8.0,3.0,0.097,cross_credit,116.8725,11.1,11.51,False,2034-12-16,17,mae
MGCQO,Pampa Energía S.A.,AAA(arg),AAA,Energía - Electricidad,USD,106.6,0.041219,1.7501,1.7147,0.068011,12034583.1,75.81,20.0,0.049761,0.009922,-0.008542,-85.4,25.0,-0.861,USD/AAA/dur±1.5y,8.0,1.0,0.05,cross_credit,105.0387,-1.46,-1.49,False,2028-08-06,4,confirmed
MSSFO,MSU S.A.,A+(arg),A,Energía,USD,101.9,0.06851,0.6633,0.6414,0.073602,18518710.0,75.04,3.0,0.078606,0.009873,-0.010096,-101.0,0.0,-1.023,USD/A/dur±1.5y,3.0,0.0,0.0,cross_credit,101.2402,-0.65,-0.67,False,2027-07-23,4,confirmed
OTS2O,[OTS],,Unrated,Sin mapear,USD,101.8,0.061635,0.5489,0.5325,0.069155,29504733.6,75.56,4.0,0.052395,0.026823,0.00924,92.4,50.0,0.344,USD/Unrated/dur±1.5y,3.0,1.0,0.25,cross_credit,102.3009,0.49,0.51,False,2027-04-24,3,mae
OTS3O,[OTS],,Unrated,Sin mapear,USD,102.85,0.061704,1.9402,1.8821,0.068449,8306256.0,73.7,5.0,0.054995,0.023949,0.006709,67.1,60.0,0.28,USD/Unrated/dur±1.5y,3.0,1.0,0.2,cross_credit,104.1486,1.26,1.3,False,2028-11-01,9,mae
OZC3O,EMPRESA DISTRIB DE ELECTRICIDAD DE MENDOZA S.A.,A+(arg),A,,USD,103.6,0.071719,1.1049,1.0666,0.07722,7396031.0,91.21,3.0,0.077536,0.011091,-0.005817,-58.2,33.3,-0.524,USD/A/dur±1.5y,3.0,0.0,0.0,cross_credit,102.9572,-0.62,-0.64,False,2027-11-29,3,confirmed
PLC1O,Pluspetrol S.A.,AAA(arg),AAA,Energía - Petróleo y Gas,USD,104.15,0.047651,1.2592,1.2299,0.057801,16121241.3,92.76,18.0,0.047954,0.009518,-0.000303,-3.0,44.4,-0.032,USD/AAA/dur±1.5y,8.0,1.0,0.056,cross_credit,104.1111,-0.04,-0.04,False,2028-01-27,4,mae
PLC2O,Pluspetrol S.A.,AAA(arg),AAA,Energía - Petróleo y Gas,USD,106.9,0.062604,2.9202,2.8315,0.070346,11618437.2,75.84,19.0,0.058732,0.008169,0.003872,38.7,57.9,0.474,USD/AAA/dur±1.5y,8.0,1.0,0.053,cross_credit,108.072,1.1,1.13,False,2030-01-27,8,mae
PLC3O,Pluspetrol S.A.,AAA(arg),AAA,Energía - Petróleo y Gas,USD,104.1,0.049426,1.4959,1.4598,0.057637,20925027.0,76.05,20.0,0.04935,0.010105,7.6e-05,0.8,55.0,0.007,USD/AAA/dur±1.5y,8.0,2.0,0.1,cross_credit,104.1115,0.01,0.01,False,2028-04-30,4,estimated
PLC4O,Pluspetrol S.A.,AAA(arg),AAA,Energía - Petróleo y Gas,USD,109.75,0.069992,4.5338,4.3805,0.077449,312302100.0,79.33,9.0,0.06699,0.003605,0.003002,30.0,77.8,0.833,USD/AAA/dur±1.5y,5.0,0.0,0.0,cross_credit,111.193,1.31,1.36,False,2032-05-30,12,confirmed
PN34O,Pan American Energy LLC (PAE Sucursal),AAA(arg),AAA,Energía - Petróleo y Gas,USD,102.2,0.027556,0.9771,0.9638,0.048141,49568707.4,77.78,16.0,0.047944,0.0078,-0.020388,-203.9,0.0,-2.614,USD/AAA/dur±1.5y,8.0,1.0,0.062,cross_credit,100.1918,-1.96,-1.99,False,2027-09-27,2,mae
PN35O,Pan American Energy LLC (PAE Sucursal),AAA(arg),AAA,Energía - Petróleo y Gas,USD,102.8,0.059861,2.7525,2.6725,0.068093,180809205.8,79.39,20.0,0.055983,0.009108,0.003878,38.8,55.0,0.426,USD/AAA/dur±1.5y,8.0,2.0,0.1,cross_credit,103.8655,1.04,1.07,False,2029-09-27,6,mae
PN36O,Pan American Energy LLC (PAE Sucursal),AAA(arg),AAA,Energía - Petróleo y Gas,USD,106.25,0.06445,4.2692,4.1359,0.068706,161082363.3,79.12,10.0,0.067106,0.003736,-0.002656,-26.6,20.0,-0.711,USD/AAA/dur±1.5y,6.0,1.0,0.1,cross_credit,105.0828,-1.1,-1.13,False,2031-11-13,11,mae
PN37O,Pan American Energy LLC (PAE Sucursal),AAA(arg),AAA,Energía - Petróleo y Gas,USD,104.5,0.051958,1.9748,1.9248,0.060287,48265624.4,77.24,21.0,0.04996,0.010394,0.001998,20.0,57.1,0.192,USD/AAA/dur±1.5y,8.0,2.0,0.095,cross_credit,104.9019,0.38,0.39,False,2028-11-13,5,mae
PNXCO,Pan American Energy LLC (PAE Sucursal),AAA(arg),AAA,Energía - Petróleo y Gas,USD,113.4,0.060033,3.8028,3.692,0.074956,64974900.0,77.07,14.0,0.064501,0.006352,-0.004468,-44.7,21.4,-0.703,USD/AAA/dur±1.5y,7.0,2.0,0.143,cross_credit,111.5293,-1.65,-1.7,False,2032-04-30,12,mae
PQCSO,Petroquímica Comodoro Rivadavia S.A.,AA(arg),AA,Industria - Petroquímica,USD,102.9,0.074634,3.7564,3.6212,0.077745,23720920.9,93.49,3.0,0.058528,0.048365,0.016106,161.1,66.7,0.333,USD/AA/dur±1.5y,2.0,0.0,0.0,cross_credit,108.9016,5.83,6.05,False,2031-02-17,9,confirmed
RC2CO,ARCOR S.A.I.C.,AAA(arg),AAA,,USD,103.4,-0.294341,0.0137,0.0161,0.05706,571049313.1,78.86,,,,,,,,,,,,,,,,True,2026-10-06,1,confirmed
TLCMO,Telecom Argentina S.A.,AA+(arg),AA,Telecomunicaciones,USD,109.8,0.070855,3.2393,3.1285,0.086521,339112500.0,79.62,7.0,0.049523,0.039224,0.021332,213.3,71.4,0.544,USD/AA/dur±1.5y,4.0,2.0,0.286,cross_credit,117.1278,6.67,6.91,False,2031-07-18,10,mae
TLCOO,Telecom Argentina S.A.,AA+(arg),AA,Telecomunicaciones,USD,104.3,0.060523,1.9993,1.9406,0.067689,24595467.5,76.79,11.0,0.035636,0.054981,0.024887,248.9,54.5,0.453,USD/AA/dur±1.5y,5.0,2.0,0.182,cross_credit,109.3373,4.83,4.98,False,2028-11-28,5,mae
TLCPO,Telecom Argentina S.A.,AA+(arg),AA,Telecomunicaciones,USD,110.5,0.055243,5.374,5.2296,0.063348,392362733.6,98.3,13.0,0.04055,0.051684,0.014693,146.9,30.8,0.284,USD/AA,6.0,3.0,0.231,cross_credit,118.9907,7.68,7.9,False,2033-05-28,14,confirmed
TLCWO,Telecom Argentina S.A.,AA+(arg),AA,Telecomunicaciones,USD,101.0,0.099536,3.0858,2.9395,0.091584,139200.0,87.03,7.0,0.045425,0.034321,0.054111,541.1,100.0,1.577,USD/AA/dur±1.5y,4.0,2.0,0.286,cross_credit,117.0649,15.91,16.7,False,2030-05-29,8,estimated
TSC3O,[TSC],,Unrated,Sin mapear,USD,110.0,0.064346,4.029,3.9034,0.077273,171549700.0,77.27,7.0,0.058431,0.020645,0.005915,59.2,57.1,0.287,USD/Unrated,3.0,0.0,0.0,cross_credit,112.5399,2.31,2.38,False,2031-07-24,10,mae
TTC8O,Tecpetrol S.A.,AAA(arg),AAA,Energía - Petróleo y Gas,USD,103.05,0.041665,1.0269,1.0059,0.048714,458929.4,71.55,16.0,0.047062,0.009224,-0.005397,-54.0,37.5,-0.585,USD/AAA/dur±1.5y,8.0,1.0,0.062,cross_credit,102.4905,-0.54,-0.55,False,2027-10-24,3,mae
TTC9O,Tecpetrol S.A.,AAA(arg),AAA,Energía - Petróleo y Gas,USD,106.2,0.056308,2.7453,2.6701,0.06403,133139966.6,95.57,20.0,0.05616,0.00915,0.000148,1.5,50.0,0.016,USD/AAA/dur±1.5y,8.0,1.0,0.05,cross_credit,106.2419,0.04,0.04,False,2029-10-24,7,confirmed
TTCAO,Tecpetrol S.A.,AAA(arg),AAA,Energía - Petróleo y Gas,USD,105.0,0.068151,4.4172,4.2716,0.073143,321585000.0,77.99,10.0,0.066736,0.003804,0.001415,14.2,60.0,0.372,USD/AAA/dur±1.5y,5.0,0.0,0.0,cross_credit,105.6347,0.6,0.63,False,2033-01-22,13,mae
TTCEO,Tecpetrol S.A.,AAA(arg),AAA,Energía - Petróleo y Gas,USD,102.2,0.048374,2.4618,2.4037,0.048924,119589727.5,79.11,21.0,0.052557,0.010573,-0.004183,-41.8,33.3,-0.396,USD/AAA/dur±1.5y,8.0,2.0,0.095,cross_credit,101.1723,-1.01,-1.03,False,2029-05-21,6,estimated
VSCPO,Vista Oil & Gas Argentina S.A.U.,,Unrated,Energía - Petróleo y Gas,USD,108.1,0.052186,1.6946,1.6515,0.074561,3067123.1,89.33,4.0,0.054757,0.027212,-0.002571,-25.7,25.0,-0.094,USD/Unrated/dur±1.5y,3.0,1.0,0.25,cross_credit,107.6411,-0.42,-0.44,False,2029-05-03,6,mae
VSCQO,Vista Oil & Gas Argentina S.A.U.,,Unrated,Energía - Petróleo y Gas,USD,92.71,0.079706,1.7151,1.6494,0.03279,3648038.8,89.43,4.0,0.047877,0.021728,0.031829,318.3,100.0,1.465,USD/Unrated/dur±1.5y,3.0,1.0,0.25,cross_credit,97.5772,5.25,5.46,False,2028-07-08,8,mae
VSCRO,Vista Oil & Gas Argentina S.A.U.,,Unrated,Energía - Petróleo y Gas,USD,107.5,0.065468,3.4258,3.3172,0.071442,175910909.4,79.42,7.0,0.05827,0.020586,0.007198,72.0,71.4,0.35,USD/Unrated,4.0,3.0,0.429,cross_credit,110.0667,2.39,2.47,False,2031-10-10,11,mae
VSCTO,Vista Oil & Gas Argentina S.A.U.,,Unrated,Energía - Petróleo y Gas,USD,104.7,0.072333,6.1247,5.9109,0.07297,218527500.0,77.7,7.0,0.05729,0.019958,0.015043,150.4,85.7,0.754,USD/Unrated,4.0,3.0,0.429,cross_credit,114.0099,8.89,9.21,False,2035-12-10,19,mae
XMC1O,Minera Exar S.A.,AA(arg),AA,Minería - Litio,USD,104.15,0.067517,0.823,0.7962,0.077388,7030355.6,74.26,9.0,0.023845,0.053918,0.043672,436.7,100.0,0.81,USD/AA/dur±1.5y,4.0,0.0,0.0,cross_credit,107.7714,3.48,3.59,False,2027-11-11,3,mae
YFCGO,YPF Energía Eléctrica S.A.,AAA(arg),AAA,Energía - Electricidad,USD,101.35,0.040322,0.4045,0.3965,0.059201,3085190.0,73.73,,,,,,,,,,,,,,,,True,2027-02-27,2,mae
YFCJO,YPF Energía Eléctrica S.A.,AAA(arg),AAA,Energía - Electricidad,USD,107.15,0.070337,4.1239,3.9838,0.073728,127976700.0,77.9,13.0,0.064949,0.004544,0.005388,53.9,92.3,1.186,USD/AAA/dur±1.5y,6.0,0.0,0.0,cross_credit,109.4498,2.15,2.22,False,2032-10-16,13,mae
YFCKO,YPF Energía Eléctrica S.A.,AAA(arg),AAA,Energía - Electricidad,USD,100.9,0.029371,0.1425,0.1404,0.026165,7876008.2,73.4,,,,,,,,,,,,,,,,True,2026-11-22,1,mae
YFCLO,YPF Energía Eléctrica S.A.,AAA(arg),AAA,Energía - Electricidad,USD,101.55,0.06387,2.0017,1.9397,0.066962,15093238.7,93.58,21.0,0.049393,0.00991,0.014477,144.8,95.2,1.461,USD/AAA/dur±1.5y,7.0,0.0,0.0,cross_credit,104.4017,2.81,2.9,False,2028-11-22,9,mae
YM34O,YPF S.A.,AAA(arg),AAA,Energía - Petróleo y Gas,USD,106.9,0.072175,5.0442,4.8685,0.07783,1662107335.4,97.9,9.0,0.067783,0.003943,0.004392,43.9,88.9,1.114,USD/AAA/dur±1.5y,6.0,2.0,0.222,cross_credit,109.1856,2.14,2.22,False,2034-01-17,15,mae
YM37O,YPF S.A.,AAA(arg),AAA,Energía - Petróleo y Gas,USD,102.95,0.038137,0.5848,0.5738,0.067994,71502316.8,78.52,15.0,0.04721,0.009349,-0.009073,-90.7,6.7,-0.97,USD/AAA/dur±1.5y,8.0,3.0,0.2,cross_credit,102.414,-0.52,-0.53,False,2027-05-07,3,confirmed
YM38O,YPF S.A.,AAA(arg),AAA,Energía - Petróleo y Gas,USD,104.25,0.039791,0.7789,0.7637,0.071942,182390118.2,94.78,15.0,0.0471,0.009452,-0.007309,-73.1,13.3,-0.773,USD/AAA/dur±1.5y,8.0,3.0,0.2,cross_credit,103.6681,-0.56,-0.57,False,2027-07-22,4,confirmed
YM39O,YPF S.A.,AAA(arg),AAA,Energía - Petróleo y Gas,USD,109.5,0.064687,3.2531,3.1512,0.079909,700545552.6,80.05,18.0,0.061395,0.007112,0.003292,32.9,66.7,0.463,USD/AAA/dur±1.5y,8.0,3.0,0.167,cross_credit,110.6358,1.04,1.07,False,2030-07-22,16,confirmed
YMCIO,YPF S.A.,AAA(arg),AAA,Energía - Petróleo y Gas,USD,93.7,0.040259,1.4115,1.3837,0.082391,163517703.3,97.31,19.0,0.049135,0.009663,-0.008876,-88.8,21.1,-0.919,USD/AAA/dur±1.5y,8.0,3.0,0.158,cross_credit,92.5492,-1.23,-1.25,False,2029-06-30,6,mae
YMCJO,YPF S.A.,AAA(arg),AAA,Energía - Petróleo y Gas,USD,101.0,0.067774,4.6351,4.4832,0.069307,544773004.5,80.09,10.0,0.067914,0.004124,-0.00014,-1.4,40.0,-0.034,USD/AAA/dur±1.5y,6.0,3.0,0.3,cross_credit,100.9367,-0.06,-0.06,False,2033-09-30,14,mae
YMCXO,YPF S.A.,AAA(arg),AAA,Energía - Petróleo y Gas,USD,107.35,0.068852,3.7052,3.5819,0.081602,1770449699.6,80.4,14.0,0.063871,0.006325,0.004981,49.8,78.6,0.788,USD/AAA/dur±1.5y,7.0,3.0,0.214,cross_credit,109.2651,1.78,1.85,False,2031-09-11,10,mae
YMCYO,YPF S.A.,AAA(arg),AAA,Energía - Petróleo y Gas,USD,103.7,0.05356,1.8905,1.8412,0.062681,26422843.4,76.95,21.0,0.049884,0.010372,0.003676,36.8,61.9,0.354,USD/AAA/dur±1.5y,8.0,4.0,0.19,cross_credit,104.4019,0.68,0.69,False,2028-10-10,9,confirmed
