symbol,issuer,rating_lp,rating_bucket,sector,currency,price,ytm,macaulay_duration,rv_score,spread_bps,peer_count,peer_unique_issuers,peer_same_issuer_ratio,signal_type,theoretical_price,upside_pct,carry_advantage_pct,cashflow_confidence,structure_type,n_cashflows,cashflow_quality_score,signal_confidence_score,execution_score,liquidity_percentile,market_quality_score,days_stale,spread_bps_current,primary_species,tir_dispersion_bp,has_desarbitraje,signal_category,signal_label,alerts,alert_count,is_outlier,maturity_date
AERBO,[AER],,Unrated,Sin mapear,USD,102.0,0.03152,0.2,,,,,,,,,,mae,bullet,1,66.6,40.8,79.5,3.1,81.1,0.0,49.46,MEP,0.0,False,NEUTRO,,,0,True,2026-12-15
ARC1O,Aeropuertos Argentina 2000 S.A.,AA+(arg),AA,Infraestructura - Aeropuertos,USD,104.55,0.007698,2.2994,-0.614,-381.2,10.0,5.0,0.0,cross_credit,95.4223,-8.73,-8.76,mae,amortizing,20,83.0,81.5,84.9,38.5,82.5,0.0,48.89,MEP,170.1,True,NEUTRO,,desarbitraje,1,False,2031-08-01
BYCWO,Banco de Galicia y Buenos Aires S.A.,AAA(arg),AAA,Financiero - Bancos,USD,103.05,0.004584,0.1589,,,,,,,,,,confirmed,bullet,1,81.6,48.3,82.9,80.0,82.4,0.0,44.5,MEP,0.0,False,NEUTRO,,,0,True,2026-11-30
CAC5O,Capex S.A.,AA(arg),AA,Energía - Electricidad,USD,52.47,0.056144,1.1027,0.516,327.7,8.0,5.0,0.125,cross_credit,54.3141,3.51,3.61,mae,amortizing,4,69.4,74.7,82.8,20.0,83.3,0.0,43.16,MEP,457.4,True,NEUTRO,,desarbitraje,1,False,2028-08-25
CACBO,Capex S.A.,AA(arg),AA,Energía - Electricidad,USD,63.125,-0.126054,0.9703,-8.617,-1722.0,8.0,5.0,0.125,cross_credit,51.8688,-17.83,-16.71,confirmed,amortizing,4,84.4,82.2,52.8,18.5,77.5,0.0,516.47,MEP,0.0,False,POTENCIALMENTE_CARO,POTENCIALMENTE CARO,,0,False,2028-06-17
CS47O,Cresud S.A.C.I.F. y A.,AAA(arg),AAA,Agro - Real Estate,USD,104.3,0.061813,1.958,1.052,97.9,22.0,8.0,0.045,cross_credit,106.2391,1.86,1.92,mae,bullet,5,73.0,76.5,83.9,32.3,79.2,0.0,49.54,MEP,199.2,True,NEUTRO,,desarbitraje,1,False,2028-11-15
CS48O,Cresud S.A.C.I.F. y A.,AAA(arg),AAA,Agro - Real Estate,USD,106.25,0.053392,1.6632,0.162,15.3,21.0,8.0,0.048,cross_credit,106.5128,0.25,0.25,confirmed,bullet,4,86.4,83.2,86.3,33.8,86.8,0.0,31.05,MEP,390.8,True,NEUTRO,,desarbitraje,1,False,2028-07-11
DNC3O,EDENOR S.A.,A+(arg),A,,USD,104.2,0.048053,0.137,,,,,,,,,,mae,bullet,1,66.6,40.8,94.7,72.3,91.8,0.0,9.28,MEP,4207.7,True,NEUTRO,,desarbitraje,1,True,2026-11-22
DNC5O,EDENOR S.A.,A+(arg),A,,USD,104.2,0.079064,1.7109,0.385,31.6,3.0,3.0,0.0,cross_credit,104.7411,0.52,0.54,mae,bullet,4,71.4,68.2,90.1,49.2,88.9,0.0,18.6,MEP,193.6,True,NEUTRO,,desarbitraje,1,False,2028-08-05
EAC3O,MSU GREEN ENERGY S.A.U.,A+(arg),A,,USD,102.5,0.08459,2.0202,1.945,105.2,3.0,3.0,0.0,cross_credit,104.5907,2.04,2.13,mae,bullet,5,73.0,69.0,72.9,46.2,81.8,0.0,158.95,MEP,0.0,False,POTENCIALMENTE_BARATO,POTENCIALMENTE BARATO,,0,False,2028-12-20
HJCHO,John Deere Credit Cía. Financiera S.A.,AA(arg),AA,Financiero - Crédito Industrial,USD,104.1,0.048855,1.2408,0.384,245.7,8.0,5.0,0.375,cross_credit,107.198,2.98,3.05,mae,bullet,3,69.8,74.9,48.2,9.2,69.6,0.0,245.23999999999998,MEP,0.0,False,NEUTRO,,,0,False,2028-01-17
HJCIO,John Deere Credit Cía. Financiera S.A.,AA(arg),AA,Financiero - Crédito Industrial,USD,104.5,0.056823,1.9007,0.349,215.1,10.0,5.0,0.3,cross_credit,108.6539,3.98,4.09,mae,bullet,5,73.0,76.5,90.2,66.2,79.8,0.0,39.61,MEP,0.0,False,NEUTRO,,,0,False,2028-10-21
HJCJO,John Deere Credit Cía. Financiera S.A.,AA(arg),AA,Financiero - Crédito Industrial,USD,104.5,0.02405,0.7929,-0.089,-61.5,7.0,4.0,0.429,cross_credit,103.9966,-0.48,-0.49,estimated,bullet,2,50.7,65.3,82.9,26.2,74.1,0.0,50.0,MEP,0.0,False,NEUTRO,,,0,False,2027-07-25
HJCKO,John Deere Credit Cía. Financiera S.A.,AA(arg),AA,Financiero - Crédito Industrial,USD,103.55,0.049262,2.1505,0.213,131.9,10.0,5.0,0.3,cross_credit,106.4167,2.77,2.84,estimated,bullet,5,55.5,67.8,80.4,24.6,81.4,0.0,68.78999999999999,MEP,0.0,False,NEUTRO,,,0,False,2029-01-16
IRCFO,IRSA Inversiones y Representaciones S.A.,AAA(arg),AAA,Real Estate,USD,51.13,0.047148,1.2766,-0.484,-44.9,20.0,8.0,0.1,cross_credit,50.8434,-0.56,-0.57,mae,amortizing,4,69.4,74.7,86.2,55.4,85.9,0.0,59.58,MEP,281.1,True,NEUTRO,,desarbitraje,1,False,2028-06-22
IRCJO,IRSA Inversiones y Representaciones S.A.,AAA(arg),AAA,Real Estate,USD,101.5,0.048706,0.4055,,,,,,,,,,mae,bullet,1,66.6,40.8,61.7,44.6,86.4,0.0,297.65000000000003,MEP,0.0,False,NEUTRO,,,0,True,2027-02-28
IRCNO,IRSA Inversiones y Representaciones S.A.,AAA(arg),AAA,Real Estate,USD,101.85,0.05059,1.0243,0.052,4.9,17.0,8.0,0.059,cross_credit,101.9001,0.05,0.05,mae,bullet,3,69.8,74.9,72.3,10.8,64.9,0.0,119.61999999999999,MEP,0.0,False,NEUTRO,,,0,False,2027-10-22
IRCOO,IRSA Inversiones y Representaciones S.A.,AAA(arg),AAA,Real Estate,USD,104.65,0.060801,2.764,0.343,33.7,21.0,8.0,0.048,cross_credit,105.5952,0.9,0.93,mae,bullet,7,76.2,78.1,81.9,50.8,87.3,0.0,89.44,MEP,0.0,False,NEUTRO,,,0,False,2029-10-23
LMS7O,BLM DESARROLLOS SA,,Unrated,,USD,79.45,0.027064,0.9877,-1.259,-267.9,3.0,2.0,0.0,cross_credit,77.3754,-2.61,-2.65,mae,amortizing,9,77.4,66.2,68.4,1.5,68.9,0.0,140.01,MEP,423.2,True,NEUTRO,,desarbitraje,1,False,2028-10-12
LMS8O,BLM DESARROLLOS SA,,Unrated,,USD,53.5,-0.126848,0.3408,,,,,,,,,,mae,amortizing,2,66.2,40.6,67.9,40.0,72.7,0.0,192.77,MEP,684.1,True,NEUTRO,,desarbitraje,1,True,2027-03-21
MGCMO,Pampa Energía S.A.,AAA(arg),AAA,Energía - Electricidad,USD,106.2,0.065845,4.1851,-0.012,-0.7,13.0,6.0,0.0,cross_credit,106.1718,-0.03,-0.03,mae,bullet,10,81.0,80.5,83.4,36.9,88.2,0.0,59.809999999999995,MEP,118.5,False,NEUTRO,,,0,False,2031-09-10
MGCNO,Pampa Energía S.A.,AAA(arg),AAA,Energía - Electricidad,USD,104.3,0.049859,1.8706,-0.285,-27.1,22.0,8.0,0.045,cross_credit,103.7844,-0.49,-0.51,mae,bullet,5,73.0,76.5,84.8,56.9,82.7,0.0,72.78999999999999,MEP,201.8,True,NEUTRO,,desarbitraje,1,False,2028-10-04
MGCOO,Pampa Energía S.A.,AAA(arg),AAA,Energía - Electricidad,USD,104.5,0.075212,6.0841,1.652,181.8,32.0,8.0,0.094,cross_credit,115.6414,10.66,11.06,mae,bullet,17,85.0,82.5,92.1,61.5,85.5,0.0,17.91,MEP,78.7,False,POTENCIALMENTE_BARATO,POTENCIALMENTE BARATO,,0,False,2034-12-16
MGCQO,Pampa Energía S.A.,AAA(arg),AAA,Energía - Electricidad,USD,106.35,0.042724,1.7445,-1.051,-96.5,21.0,8.0,0.048,cross_credit,104.5973,-1.65,-1.68,confirmed,bullet,4,86.4,83.2,94.9,70.8,89.3,0.0,6.0600000000000005,MEP,131.3,False,NEUTRO,,,0,False,2028-08-06
MSSFO,MSU S.A.,A+(arg),A,Energía,USD,101.95,0.068319,0.6579,-2.28,-111.7,3.0,3.0,0.0,cross_credit,101.2255,-0.71,-0.73,confirmed,amortizing,4,84.4,74.7,70.3,64.6,73.1,0.0,203.17,MEP,0.0,False,POTENCIALMENTE_CARO,POTENCIALMENTE CARO,,0,False,2027-07-23
OTS2O,[OTS],,Unrated,Sin mapear,USD,103.3,0.034699,0.5435,-0.668,-166.1,3.0,2.0,0.0,cross_credit,102.383,-0.89,-0.9,mae,bullet,3,69.8,62.4,55.9,6.2,77.8,0.0,274.83,MEP,0.0,False,NEUTRO,,,0,False,2027-04-24
OZC3O,EMPRESA DISTRIB DE ELECTRICIDAD DE MENDOZA S.A.,A+(arg),A,,USD,103.3,0.074817,1.0993,-0.303,-25.1,3.0,3.0,0.0,cross_credit,103.0256,-0.27,-0.28,confirmed,bullet,3,84.8,74.9,87.5,60.0,87.8,0.0,54.33,MEP,0.0,False,NEUTRO,,,0,False,2027-11-29
PLC1O,Pluspetrol S.A.,AAA(arg),AAA,Energía - Petróleo y Gas,USD,103.4,0.053773,1.2534,0.318,29.6,19.0,8.0,0.053,cross_credit,103.7737,0.36,0.37,mae,bullet,4,71.4,75.7,77.5,30.8,79.0,0.0,101.05,MEP,0.0,False,NEUTRO,,,0,False,2028-01-27
PLC2O,Pluspetrol S.A.,AAA(arg),AAA,Energía - Petróleo y Gas,USD,106.95,0.062558,2.9147,0.356,30.6,20.0,8.0,0.05,cross_credit,107.8753,0.87,0.89,mae,bullet,8,77.8,78.9,87.1,23.1,83.1,0.0,11.469999999999999,MEP,0.0,False,NEUTRO,,,0,False,2030-01-27
PLC3O,Pluspetrol S.A.,AAA(arg),AAA,Energía - Petróleo y Gas,USD,103.55,0.053256,1.4901,0.147,13.8,21.0,8.0,0.095,cross_credit,103.7581,0.2,0.21,estimated,bullet,4,53.9,67.0,79.9,41.5,89.8,0.0,94.11,MEP,207.1,True,NEUTRO,,desarbitraje,1,False,2028-04-30
PLC4O,Pluspetrol S.A.,AAA(arg),AAA,Energía - Petróleo y Gas,USD,108.45,0.072806,4.5197,1.269,50.8,9.0,5.0,0.0,cross_credit,110.8507,2.21,2.29,confirmed,bullet,12,99.2,89.6,96.4,87.7,90.8,0.0,14.280000000000001,MEP,101.1,False,NEUTRO,,,0,False,2032-05-30
PN34O,Pan American Energy LLC (PAE Sucursal),AAA(arg),AAA,Energía - Petróleo y Gas,USD,100.65,0.043724,0.9715,-0.728,-67.8,17.0,8.0,0.118,cross_credit,100.0014,-0.64,-0.66,mae,bullet,2,68.2,74.1,82.9,13.8,75.9,0.0,34.57,MEP,340.5,True,NEUTRO,,desarbitraje,1,False,2027-09-27
PN35O,Pan American Energy LLC (PAE Sucursal),AAA(arg),AAA,Energía - Petróleo y Gas,USD,102.7,0.060348,2.7469,0.362,34.9,21.0,8.0,0.143,cross_credit,103.6548,0.93,0.96,mae,bullet,6,74.6,77.3,93.3,63.1,90.1,0.0,9.43,MEP,0.0,False,NEUTRO,,,0,False,2029-09-27
PN36O,Pan American Energy LLC (PAE Sucursal),AAA(arg),AAA,Energía - Petróleo y Gas,USD,105.5,0.06625,4.2596,-0.206,-9.8,11.0,7.0,0.091,cross_credit,105.0755,-0.4,-0.42,mae,bullet,11,82.6,81.3,81.0,43.1,85.2,0.0,86.85000000000001,MEP,0.0,False,NEUTRO,,,0,False,2031-11-13
PN37O,Pan American Energy LLC (PAE Sucursal),AAA(arg),AAA,Energía - Petróleo y Gas,USD,104.95,0.049867,1.9698,-0.284,-27.0,22.0,8.0,0.136,cross_credit,104.4054,-0.52,-0.53,mae,bullet,5,73.0,76.5,72.4,7.7,77.7,0.0,114.38999999999999,MEP,0.0,False,NEUTRO,,,0,False,2028-11-13
PNRCO,Pan American Energy LLC (PAE Sucursal),AAA(arg),AAA,Energía - Petróleo y Gas,USD,89.5173,0.072677,1.8278,2.518,211.5,22.0,8.0,0.136,cross_credit,92.856,3.73,3.87,mae,bullet,8,77.8,78.9,39.1,4.6,72.6,0.0,211.26999999999998,ARS/CCL,0.0,False,POSIBLE_OPORTUNIDAD,POSIBLE OPORTUNIDAD — REQUIERE VALIDACIÓN,,0,False,2028-08-07
PNXCO,Pan American Energy LLC (PAE Sucursal),AAA(arg),AAA,Energía - Petróleo y Gas,USD,113.05,0.06096,3.7952,-0.553,-39.7,14.0,7.0,0.143,cross_credit,111.3982,-1.46,-1.51,mae,amortizing,12,82.2,81.1,92.6,92.3,86.8,0.0,52.16,MEP,62.2,False,NEUTRO,,,0,False,2032-04-30
PQCSO,Petroquímica Comodoro Rivadavia S.A.,AA(arg),AA,Industria - Petroquímica,USD,101.0,0.079911,3.7436,0.478,217.3,3.0,2.0,0.0,cross_credit,108.901,7.82,8.14,confirmed,bullet,9,94.4,74.7,83.6,35.4,87.1,0.0,55.82,MEP,113.4,False,NEUTRO,,,0,False,2031-02-17
RC2CO,ARCOR S.A.I.C.,AAA(arg),AAA,,USD,103.25,-0.324462,0.0082,,,,,,,,,,confirmed,bullet,1,81.6,48.3,93.6,95.4,77.5,0.0,37.01,MEP,0.0,False,NEUTRO,,,0,True,2026-10-06
TLCMO,Telecom Argentina S.A.,AA+(arg),AA,Telecomunicaciones,USD,109.8,0.070977,3.2337,0.422,126.8,6.0,4.0,0.333,cross_credit,114.1492,3.96,4.1,mae,amortizing,10,79.0,79.5,97.1,89.2,94.8,0.0,10.58,MEP,131.8,False,NEUTRO,,,0,False,2031-07-18
TLCOO,Telecom Argentina S.A.,AA+(arg),AA,Telecomunicaciones,USD,104.4,0.060197,1.9939,0.41,252.2,10.0,5.0,0.2,cross_credit,109.4965,4.88,5.03,mae,bullet,5,73.0,76.5,86.9,58.5,84.9,0.0,57.099999999999994,MEP,0.0,False,NEUTRO,,,0,False,2028-11-28
TLCPO,Telecom Argentina S.A.,AA+(arg),AA,Telecomunicaciones,USD,109.8,0.056518,5.3632,0.273,156.9,12.0,6.0,0.25,cross_credit,118.788,8.19,8.42,confirmed,bullet,14,100.0,90.0,97.3,93.8,95.7,0.0,14.7,MEP,86.2,False,NEUTRO,,,0,False,2033-05-28
TLCWO,Telecom Argentina S.A.,AA+(arg),AA,Telecomunicaciones,USD,102.15,0.095865,3.0844,1.656,417.2,6.0,4.0,0.333,cross_credit,114.6936,12.28,12.87,estimated,bullet,8,60.3,70.2,61.1,0.0,73.6,0.0,199.51000000000002,MEP,0.0,False,POTENCIALMENTE_BARATO,POTENCIALMENTE BARATO,,0,False,2030-05-29
TSC3O,[TSC],,Unrated,Sin mapear,USD,109.45,0.065721,4.021,0.537,111.6,6.0,3.0,0.0,cross_credit,114.2056,4.34,4.49,mae,bullet,10,81.0,80.5,76.9,69.2,87.9,0.0,154.25,MEP,129.5,False,NEUTRO,,,0,False,2031-07-24
TTC8O,Tecpetrol S.A.,AAA(arg),AAA,Energía - Petróleo y Gas,USD,103.1,0.041406,1.0214,-1.005,-92.3,17.0,8.0,0.059,cross_credit,102.1475,-0.92,-0.94,mae,bullet,3,69.8,74.9,89.8,52.3,86.4,0.0,25.06,MEP,0.0,False,NEUTRO,,,0,False,2027-10-24
TTC9O,Tecpetrol S.A.,AAA(arg),AAA,Energía - Petróleo y Gas,USD,106.15,0.056599,2.7396,-0.046,-4.4,21.0,8.0,0.048,cross_credit,106.0253,-0.12,-0.12,confirmed,bullet,7,91.2,85.6,92.7,67.7,87.2,0.0,20.69,MEP,113.5,False,NEUTRO,,,0,False,2029-10-24
TTCAO,Tecpetrol S.A.,AAA(arg),AAA,Energía - Petróleo y Gas,USD,104.7,0.068908,4.4096,0.293,13.1,10.0,5.0,0.0,cross_credit,105.2827,0.56,0.58,mae,amortizing,13,83.0,81.5,88.3,76.9,82.5,0.0,68.47999999999999,MEP,0.0,False,NEUTRO,,,0,False,2033-01-22
TTCEO,Tecpetrol S.A.,AAA(arg),AAA,Energía - Petróleo y Gas,USD,102.5,0.047262,2.4567,-0.805,-75.4,22.0,8.0,0.091,cross_credit,100.6461,-1.81,-1.85,estimated,bullet,6,57.1,68.5,76.5,53.8,83.3,0.0,138.13,MEP,0.0,False,NEUTRO,,,0,False,2029-05-21
VSCPO,Vista Oil & Gas Argentina S.A.U.,,Unrated,Energía - Petróleo y Gas,USD,108.5,0.050115,1.69,0.147,39.4,3.0,3.0,0.333,cross_credit,109.2047,0.65,0.67,mae,amortizing,6,72.6,68.8,73.0,27.7,80.9,0.0,134.32,MEP,0.0,False,NEUTRO,,,0,False,2029-05-03
VSCQO,Vista Oil & Gas Argentina S.A.U.,,Unrated,Energía - Petróleo y Gas,USD,93.2,0.076763,1.7098,3.361,394.7,3.0,3.0,0.333,cross_credit,99.2572,6.5,6.75,mae,bullet,8,77.8,71.4,81.4,29.2,55.2,0.0,66.67,MEP,0.0,False,POTENCIALMENTE_BARATO,POTENCIALMENTE BARATO,,0,False,2028-07-08
VSCRO,Vista Oil & Gas Argentina S.A.U.,,Unrated,Energía - Petróleo y Gas,USD,108.05,0.064035,3.4229,0.439,91.9,6.0,4.0,0.5,cross_credit,111.3449,3.05,3.15,mae,amortizing,11,80.6,80.3,97.0,84.6,89.8,0.0,5.970000000000001,MEP,132.0,False,NEUTRO,,,0,False,2031-10-10
VSCTO,Vista Oil & Gas Argentina S.A.U.,,Unrated,Energía - Petróleo y Gas,USD,103.3,0.074683,6.1011,1.12,216.2,6.0,4.0,0.5,cross_credit,116.4335,12.71,13.19,mae,amortizing,19,83.0,81.5,77.6,78.5,82.6,0.0,159.4,MEP,0.0,False,NEUTRO,,,0,False,2035-12-10
XMC1O,Minera Exar S.A.,AA(arg),AA,Minería - Litio,USD,104.3,0.066158,0.8177,0.703,440.4,8.0,4.0,0.0,cross_credit,107.9353,3.49,3.6,mae,amortizing,3,67.8,73.9,79.9,12.3,77.1,0.0,58.220000000000006,MEP,0.0,False,NEUTRO,,,0,False,2027-11-11
YFCGO,YPF Energía Eléctrica S.A.,AAA(arg),AAA,Energía - Electricidad,USD,101.7,0.032084,0.399,,,,,,,,,,mae,bullet,2,68.2,41.6,80.1,16.9,78.3,0.0,61.85000000000001,MEP,0.0,False,NEUTRO,,,0,True,2027-02-27
YFCJO,YPF Energía Eléctrica S.A.,AAA(arg),AAA,Energía - Electricidad,USD,106.7,0.07149,4.1152,1.152,60.1,13.0,6.0,0.0,cross_credit,109.2495,2.39,2.47,mae,amortizing,13,83.0,81.5,92.4,75.4,88.4,0.0,32.61,MEP,105.4,False,NEUTRO,,,0,False,2032-10-16
YFCKO,YPF Energía Eléctrica S.A.,AAA(arg),AAA,Energía - Electricidad,USD,101.85,-0.037726,0.137,,,,,,,,,,mae,bullet,1,66.6,40.8,78.9,21.5,81.3,0.0,77.92,MEP,0.0,False,NEUTRO,,,0,True,2026-11-22
YFCLO,YPF Energía Eléctrica S.A.,AAA(arg),AAA,Energía - Electricidad,USD,101.55,0.064048,1.9962,1.321,121.3,22.0,7.0,0.0,cross_credit,103.9317,2.35,2.42,mae,bullet,9,79.4,79.7,61.4,15.4,79.0,0.0,215.81,MEP,0.0,False,NEUTRO,,,0,False,2028-11-22
YM34O,YPF S.A.,AAA(arg),AAA,Energía - Petróleo y Gas,USD,105.9,0.07419,5.0299,1.272,53.4,9.0,6.0,0.222,cross_credit,108.6448,2.59,2.69,mae,amortizing,15,83.0,81.5,99.2,98.5,99.7,0.0,4.87,MEP,90.1,False,NEUTRO,,,0,False,2034-01-17
YM37O,YPF S.A.,AAA(arg),AAA,Energía - Petróleo y Gas,USD,103.0,0.037647,0.5793,-1.47,-134.4,16.0,8.0,0.188,cross_credit,102.213,-0.76,-0.78,confirmed,bullet,3,84.8,82.4,88.6,47.7,78.0,0.0,29.459999999999997,MEP,0.0,False,NEUTRO,,,0,False,2027-05-07
YM38O,YPF S.A.,AAA(arg),AAA,Energía - Petróleo y Gas,USD,103.8,0.04579,0.7733,-0.495,-47.9,16.0,8.0,0.188,cross_credit,103.4245,-0.36,-0.37,confirmed,bullet,4,86.4,83.2,94.6,86.2,91.6,0.0,28.000000000000004,MEP,0.0,False,NEUTRO,,,0,False,2027-07-22
YM39O,YPF S.A.,AAA(arg),AAA,Energía - Petróleo y Gas,USD,109.85,0.063784,3.2487,0.199,16.1,19.0,8.0,0.158,cross_credit,110.4063,0.51,0.52,confirmed,bullet,16,100.0,90.0,95.4,73.8,90.2,0.0,5.87,MEP,139.7,False,NEUTRO,,,0,False,2030-07-22
YMCIO,YPF S.A.,AAA(arg),AAA,Energía - Petróleo y Gas,USD,94.25,0.036179,1.4089,-1.857,-160.1,20.0,8.0,0.15,cross_credit,92.1615,-2.22,-2.26,mae,amortizing,6,72.6,76.3,94.4,83.1,92.3,0.0,25.36,MEP,336.6,True,POTENCIALMENTE_CARO,POTENCIALMENTE CARO,desarbitraje,1,False,2029-06-30
YMCJO,YPF S.A.,AAA(arg),AAA,Energía - Petróleo y Gas,USD,100.4,0.069187,4.6253,0.074,3.5,10.0,6.0,0.3,cross_credit,100.5558,0.16,0.16,mae,amortizing,14,83.0,81.5,96.1,90.8,96.3,0.0,21.27,MEP,100.8,False,NEUTRO,,,0,False,2033-09-30
YMCXO,YPF S.A.,AAA(arg),AAA,Energía - Petróleo y Gas,USD,107.35,0.068955,3.6995,0.643,46.0,14.0,7.0,0.214,cross_credit,109.1155,1.64,1.7,mae,amortizing,10,79.0,79.5,98.2,96.9,99.1,0.0,10.81,MEP,124.6,False,NEUTRO,,,0,False,2031-09-11
YMCYO,YPF S.A.,AAA(arg),AAA,Energía - Petróleo y Gas,USD,104.2,0.051099,1.8854,-0.148,-14.1,22.0,8.0,0.182,cross_credit,103.9295,-0.26,-0.27,confirmed,bullet,9,94.4,87.2,94.7,81.5,87.8,0.0,21.04,MEP,0.0,False,NEUTRO,,,0,False,2028-10-10
