ticker,moneda,tipo_liquidacion,ultimo_precio,monto_operado,volumen_nominal,cantidad_operaciones,spread_abs,spread_pct,years_to_maturity,liquidity_score
YM44O,ARS,2,153200.0,4163537493.6,2722752.0,370,90.0,0.0588,8.6927,99.6
YM34O,ARS,2,165250.0,2285551426.3,1384542.0,1592,150.0,0.0909,7.2772,99.47
IRCPO,ARS,2,160370.0,416717356.7,260439.0,499,140.0,0.0874,8.4764,99.23
YMCJO,ARS,2,155910.0,368597779.3,236584.0,528,150.0,0.0963,6.9788,99.02
YMCXO,ARS,2,166780.0,1055681799.8,633523.0,778,200.0,0.1199,4.9254,99.02
TLCPO,ARS,2,170170.0,240859665.5,141453.0,235,120.0,0.0706,6.6366,98.98
YMCIO,ARS,2,145390.0,133555396.1,92060.0,280,90.0,0.0619,2.7324,98.73
MGCRO,ARS,2,158600.0,4056680200.0,2560000.0,70,200.0,0.1263,11.102,98.61
LOC5O,ARS,2,160850.0,186183685.0,115750.0,55,50.0,0.0311,0.7912,98.57
YM42O,ARS,2,160720.0,384583905.1,239293.0,95,180.0,0.1121,2.3984,98.55
PN38O,ARS,2,165700.0,782131214.7,472075.0,187,260.0,0.1569,0.8405,98.51
TLCTO,ARS,2,162560.0,417768195.5,257277.0,326,310.0,0.191,9.2841,98.24
VSCVO,ARS,2,170350.0,163647800.0,96000.0,54,130.0,0.0763,6.6721,98.13
DNCAO,ARS,2,154710.0,314600960.0,202900.0,122,290.0,0.1874,6.5544,97.99
YMCXO,ARS,1,166570.0,58082859.0,34918.0,49,70.0,0.042,4.9254,97.62
TLCMO,ARS,2,170490.0,289665500.0,170000.0,55,320.0,0.1881,4.7748,97.46
YM34O,ARS,1,164900.0,57549870.4,34946.0,124,190.0,0.1152,7.2772,97.42
DNC3O,ARS,2,160620.0,304527936.8,189488.0,78,360.0,0.224,0.1232,97.36
TSC4O,ARS,2,162010.0,197899600.0,122000.0,51,290.0,0.179,9.117,97.32
PLC7O,ARS,2,154400.0,611366500.0,395000.0,146,390.0,0.2526,10.9788,97.32
TTCDO,ARS,2,167350.0,370691700.0,222000.0,75,400.0,0.2399,4.0712,97.26
DNC7O,ARS,2,165800.0,106519190.0,64500.0,60,250.0,0.1508,4.0438,97.25
YM40O,ARS,2,161020.0,127880828.7,79488.0,56,310.0,0.1925,1.8891,97.03
HJCIO,ARS,2,160850.0,58939189.8,36649.0,20,10.0,0.0062,0.6324,96.99
YM43O,ARS,2,154350.0,143116036.5,92689.0,64,350.0,0.2273,3.5154,96.79
DNC5O,ARS,2,161100.0,77983584.5,48355.0,109,360.0,0.2235,1.8261,96.66
MCC3O,ARS,2,156190.0,259571038.3,165799.0,121,460.0,0.2945,3.5893,96.64
PLC4O,ARS,2,168350.0,210880500.0,125000.0,33,380.0,0.2255,5.6427,96.58
YM41O,ARS,2,155470.0,166684222.1,107738.0,102,440.0,0.2836,0.2519,96.41
MR46O,ARS,2,124020.0,22736691.0,18347.0,42,100.0,0.0806,8.23,96.27
YMCYO,ARS,2,160000.0,29368928.1,18365.0,51,180.0,0.1125,2.0068,96.24
IRCFO,ARS,2,78610.0,34863200.6,44334.0,62,130.0,0.1654,1.7057,96.23
DNCBO,ARS,2,150280.0,100091129.0,66532.0,73,380.0,0.2531,2.7351,96.2
MGCQO,ARS,2,164240.0,75695231.5,45927.0,77,400.0,0.2441,1.8289,96.14
PLC2O,ARS,2,164050.0,98319666.1,59805.0,97,460.0,0.2812,3.3046,96.09
PN43O,ARS,2,162300.0,202644800.0,125000.0,26,400.0,0.2465,10.2724,96.01
PQCSO,ARS,2,154900.0,42413138.5,27331.0,70,340.0,0.2195,4.3614,95.96
YM39O,ARS,2,169210.0,153646229.6,91042.0,105,540.0,0.3201,3.7864,95.95
PLC6O,ARS,2,160990.0,235026864.1,146514.0,58,510.0,0.3178,2.3901,95.91
VSCXO,ARS,2,158600.0,636104300.0,402000.0,167,670.0,0.4226,11.499,95.74
VSCZO,ARS,2,154000.0,34790196.3,22638.0,31,240.0,0.1561,2.7707,95.73
LOC6O,ARS,2,156910.0,30978910.5,19744.0,41,280.0,0.1785,2.2943,95.7
ARC1O,ARS,2,162300.0,248272000.0,153000.0,50,530.0,0.3276,4.8131,95.7
YMCIO,ARS,1,145350.0,13557300.4,9355.0,34,120.0,0.0826,2.7324,95.54
MGCNO,ARS,2,155430.0,21803457.1,14055.0,31,220.0,0.1417,1.9904,95.47
MR43O,ARS,2,36500.0,52417044.55,143469.0,61,100.0,0.274,9.7276,95.42
VSCRO,ARS,2,168660.0,203987175.3,121300.0,209,710.0,0.4227,5.0048,95.36
YM38O,ARS,2,161200.0,31884517.0,19841.0,40,350.0,0.2174,0.7858,95.28
PLC5O,ARS,2,167030.0,61704600.0,37000.0,20,400.0,0.2401,4.6078,95.07
PN35O,ARS,2,158900.0,127578199.5,80577.0,109,620.0,0.3914,2.9706,95.07
