ticker,moneda,tipo_liquidacion,precio_compra,precio_venta,spread_abs,spread_pct,monto_operado,years_to_maturity,liquidity_score,spread_cuartil
BYCWD,USD,2,103.05,103.5,0.45,0.4367,46372.5,0.1643,88.56,Q1_tight
DNC3D,USD,2,103.9,104.5,0.6,0.5775,277166.85,0.1424,92.47,Q1_tight
EMC1D,USD,2,103.0,103.6,0.6,0.5825,6718.32,0.7556,84.86,Q1_tight
MIC4D,USD,2,100.8,101.5,0.7,0.6944,37741.89,0.8241,88.67,Q1_tight
DEC4D,USD,2,101.1,101.9,0.8,0.7913,5512.4,1.755,85.29,Q1_tight
YM40D,USD,2,104.3,105.2,0.9,0.8629,7181.79,1.9083,85.94,Q1_tight
IRCJD,USD,2,101.5,102.4,0.9,0.8867,96915.6,0.4107,91.18,Q1_tight
CS47D,USD,2,104.0,105.0,1.0,0.9615,16795.59,2.1246,86.69,Q1_tight
MCC2D,USD,2,103.1,104.1,1.0,0.9699,26406.3,0.6708,87.51,Q1_tight
RUCED,USD,2,101.3,102.3,1.0,0.9872,53045.1,1.0787,89.58,Q1_tight
CICAD,USD,2,103.9,105.0,1.1,1.0587,49640.43,1.6728,89.66,Q1_tight
AERBD,USD,2,101.3,102.4,1.1,1.0859,82011.69,0.2053,88.35,Q1_tight
IRCFD,USD,2,50.9,51.5,0.6,1.1788,19915.96,1.7248,88.39,Q1_tight
ZZC1D,USD,2,101.3,102.5,1.2,1.1846,67271.07,0.3915,89.79,Q1_tight
MCC3D,USD,2,101.3,102.5,1.2,1.1846,163004.98,3.6085,91.76,Q1_tight
MIC3D,USD,2,100.9,102.1,1.2,1.1893,14080.08,0.1123,85.09,Q1_tight
CS53D,USD,2,100.0,101.2,1.2,1.2,27200.63,3.5784,88.34,Q1_tight
OZC3D,USD,2,103.25,104.5,1.25,1.2107,86477.92,1.1608,90.49,Q1_tight
DNC5D,USD,2,103.9,105.2,1.3,1.2512,59433.21,1.8453,90.17,Q1_tight
YMCID,USD,2,93.4,94.6,1.2,1.2848,101643.24,2.7515,91.1,Q1_tight
AEC3D,USD,2,99.05,100.5,1.45,1.4639,10771.46,1.848,86.03,Q1_tight
DEC2D,USD,2,100.5,102.0,1.5,1.4925,57871.98,0.3997,89.01,Q1_tight
OLC6D,USD,2,105.7,107.3,1.6,1.5137,21940.82,2.6776,86.56,Q1_tight
VMC1D,USD,2,99.0,100.5,1.5,1.5152,115127.87,3.9754,90.59,Q1_tight
YFCMD,USD,2,101.7,103.3,1.6,1.5733,18101.47,0.6324,85.67,Q1_tight
YM41D,USD,2,101.3,102.9,1.6,1.5795,163962.62,0.271,91.38,Q1_tight
TLCVD,USD,2,98.4,100.0,1.6,1.626,614.04,0.6571,81.09,Q1_tight
BF39D,USD,2,101.3,103.0,1.7,1.6782,7369.2,0.178,82.83,Q1_tight
BF39D,USD,1,101.3,103.0,1.7,1.6782,1999.23,0.178,81.2,Q1_tight
CS48D,USD,2,104.5,106.3,1.8,1.7225,43987.64,1.7769,89.32,Q1_tight
CP36D,USD,2,101.5,103.25,1.75,1.7241,2140.34,1.024,82.64,Q1_tight
HVS1D,USD,2,103.0,104.8,1.8,1.7476,1051.63,1.7687,80.41,Q1_tight
DNC3D,USD,1,104.0,105.9,1.9,1.8269,106139.28,0.1424,89.15,Q1_tight
TLCWD,USD,2,101.0,102.9,1.9,1.8812,20834.4,3.6578,84.8,Q1_tight
YFCKD,USD,2,100.2,102.2,2.0,1.996,53705.8,0.1396,88.31,Q1_tight
YMCJD,USD,2,100.0,102.0,2.0,2.0,252723.62,6.9979,92.21,Q1_tight
PZCGD,USD,2,99.7,101.7,2.0,2.006,1380.14,1.6756,82.21,Q1_tight
NPCDD,USD,2,99.91,101.95,2.04,2.0418,115112.0,3.5784,90.34,Q1_tight
CIC7D,USD,2,101.4,103.5,2.1,2.071,3653.98,0.115,83.37,Q1_tight
LUC5D,USD,2,100.1,102.2,2.1,2.0979,7713.94,2.4066,85.68,Q1_tight
YFCPO,ARS,2,150800.0,154000.0,3200.0,2.122,52292.0,2.8802,86.1,Q1_tight
BYCXD,USD,2,102.5,104.75,2.25,2.1951,23575.0,0.2464,86.5,Q1_tight
SBC4D,USD,2,97.8,100.0,2.2,2.2495,6569.87,2.9377,85.48,Q1_tight
TSC4O,ARS,2,162300.0,166000.0,3700.0,2.2797,402487500.0,9.1362,98.38,Q1_tight
MIC6D,USD,2,99.1,101.4,2.3,2.3209,218290.01,1.6564,91.5,Q1_tight
YFCID,USD,2,100.55,102.9,2.35,2.3371,1054.38,0.6982,82.63,Q1_tight
GYC5D,USD,2,100.5,102.9,2.4,2.3881,9518.02,0.9281,85.81,Q1_tight
PFC3D,USD,2,99.91,102.3,2.39,2.3922,303018.86,3.1047,90.69,Q1_tight
YM44D,USD,1,97.1,99.45,2.35,2.4202,43334.79,8.7118,88.03,Q1_tight
TTCBD,USD,2,102.8,105.3,2.5,2.4319,68149.43,1.0404,88.23,Q1_tight
YM43D,USD,2,99.22,101.7,2.48,2.4995,441654.08,3.5346,92.1,Q1_tight
RC5CD,USD,2,99.7,102.2,2.5,2.5075,8376.48,2.6366,85.23,Q1_tight
MGCED,USD,2,93.1,95.56,2.46,2.6423,1461.17,1.2156,81.82,Q1_tight
LR8BD,USD,2,100.8,103.5,2.7,2.6786,0.0,1.8316,56.08,Q1_tight
MCC1D,USD,2,100.0,102.7,2.7,2.7,15988.79,2.4394,86.24,Q1_tight
PQCSD,USD,2,100.75,103.5,2.75,2.7295,50027.92,4.3806,89.09,Q1_tight
MSSFD,USD,2,99.25,102.0,2.75,2.7708,3321.09,0.8077,83.0,Q1_tight
PLC7D,USD,2,98.0,100.75,2.75,2.8061,424173.4,10.9979,92.01,Q1_tight
YM34D,USD,2,105.0,108.0,3.0,2.8571,1145959.23,7.2964,93.2,Q1_tight
LOC6D,USD,2,100.0,102.9,2.9,2.9,26556.94,2.3135,87.65,Q1_tight
YM44D,USD,2,98.15,101.0,2.85,2.9037,2300108.4,8.7118,93.83,Q2
RZBCO,ARS,2,100550.0,103500.0,2950.0,2.9339,812668.8,2.924,89.6,Q2
OLC7D,USD,2,99.91,102.85,2.94,2.9426,60930.54,3.3977,88.76,Q2
VSCZD,USD,2,98.2,101.1,2.9,2.9532,45046.23,2.7899,88.22,Q2
GOC4O,ARS,2,130100.0,134000.0,3900.0,2.9977,3822565.9,2.5736,92.75,Q2
SBC3D,USD,2,99.8,102.8,3.0,3.006,31878.49,2.6502,87.69,Q2
LOC5D,USD,2,101.5,104.6,3.1,3.0542,104711.49,0.8104,89.91,Q2
OT42D,USD,2,104.55,107.8,3.25,3.1086,10546.89,3.2964,85.98,Q2
PN42D,USD,1,102.5,105.7,3.2,3.122,0.0,0.5421,55.84,Q2
VSCPD,USD,2,106.5,109.9,3.4,3.1925,9611.77,2.5873,85.93,Q2
TLCOD,USD,1,102.1,105.45,3.35,3.2811,8407.05,2.1602,84.07,Q2
TTC8D,USD,2,99.91,103.2,3.29,3.293,41025.96,1.0623,88.11,Q2
ZPC3D,USD,2,100.6,103.95,3.35,3.33,0.0,0.9227,55.78,Q2
YM34D,USD,1,104.5,108.0,3.5,3.3493,125406.6,7.2964,90.07,Q2
OLC5D,USD,2,104.5,108.0,3.5,3.3493,212985.79,1.6975,90.69,Q2
BYZ1D,USD,2,97.4,100.8,3.4,3.4908,6450.0,0.8268,82.53,Q2
YM41O,ARS,1,156010.0,161500.0,5490.0,3.519,837773.7,0.271,89.06,Q2
JNC5D,USD,2,99.0,102.5,3.5,3.5354,0.0,0.0219,55.69,Q2
VBC1D,USD,1,99.0,102.5,3.5,3.5354,0.0,0.4408,55.69,Q2
TLCPO,ARS,2,169000.0,175000.0,6000.0,3.5503,940503357.4,6.6557,98.4,Q2
MCC3D,USD,1,100.9,104.5,3.6,3.5679,490.8,3.6085,79.15,Q2
PFC4D,USD,2,96.4,99.85,3.45,3.5788,0.0,3.4114,55.64,Q2
YFCPO,ARS,1,150600.0,156000.0,5400.0,3.5857,0.0,2.8802,55.62,Q2
CP37D,USD,2,100.1,103.7,3.6,3.5964,666.0,0.4381,79.25,Q2
DNCAO,ARS,2,152500.0,158000.0,5500.0,3.6066,787330180.0,6.5736,98.24,Q2
DNCBD,USD,2,96.5,100.0,3.5,3.6269,106118.25,2.7543,90.04,Q2
SBC2D,USD,2,92.0,95.34,3.34,3.6304,176790.69,2.2943,90.84,Q2
PLC1D,USD,2,103.0,106.8,3.8,3.6893,19981.44,1.3224,85.97,Q2
OTS5D,USD,2,102.2,106.0,3.8,3.7182,0.0,0.0602,55.53,Q2
PQCTD,USD,2,101.1,104.9,3.8,3.7587,9247.07,1.8042,83.81,Q2
TLCWO,ARS,2,154000.0,159800.0,5800.0,3.7662,0.0,3.6578,55.5,Q2
YMCIO,ARS,2,142000.0,147400.0,5400.0,3.8028,223085927.5,2.7515,97.76,Q2
MTC2D,USD,2,99.0,102.8,3.8,3.8384,17969.27,1.7248,86.55,Q2
PN42D,USD,2,102.0,105.95,3.95,3.8725,82663.53,0.5421,87.65,Q2
DEC2O,ARS,2,153000.0,159000.0,6000.0,3.9216,19538644.8,0.3997,93.95,Q2
AERBO,ARS,2,155000.0,161100.0,6100.0,3.9355,125326.0,0.2053,87.74,Q2
RC2CD,USD,2,99.91,103.9,3.99,3.9936,16735.28,0.0137,84.94,Q2
PFC2D,USD,2,99.91,103.95,4.04,4.0436,2471.48,0.783,82.55,Q2
IRCOC,EXT,2,98.0,102.0,4.0,4.0816,0.0,3.0609,55.37,Q2
YM37D,USD,2,102.8,107.0,4.2,4.0856,7626.17,0.5969,84.89,Q2
IRCPO,ARS,1,155500.0,162000.0,6500.0,4.1801,25496847.3,8.4956,95.3,Q2
YM38D,USD,2,101.9,106.2,4.3,4.2198,281324.58,0.8049,90.95,Q2
PN38D,USD,1,103.3,107.7,4.4,4.2594,0.0,0.8597,55.31,Q2
CP41D,USD,2,96.25,100.4,4.15,4.3117,75861.42,2.935,89.1,Q2
T641D,USD,2,104.0,108.5,4.5,4.3269,0.0,0.5777,55.28,Q2
YM38D,USD,1,101.6,106.0,4.4,4.3307,15726.96,0.8049,84.92,Q2
PLC1D,USD,1,102.4,106.95,4.55,4.4434,0.0,1.3224,55.25,Q2
GN48D,USD,2,98.5,102.9,4.4,4.467,589.11,1.4264,79.41,Q2
YM34O,ARS,2,162250.0,169500.0,7250.0,4.4684,1482769887.9,7.2964,98.13,Q2
PN34D,USD,2,100.5,105.0,4.5,4.4776,20381.67,0.9884,86.01,Q2
VBC1D,USD,2,98.1,102.5,4.4,4.4852,0.0,0.4408,55.18,Q2
LMS7D,USD,2,79.4,83.0,3.6,4.534,495.7,2.0315,80.23,Q2
HJCID,USD,2,103.3,108.0,4.7,4.5499,80166.06,0.6516,87.93,Q2
HJCID,USD,1,103.3,108.0,4.7,4.5499,0.0,0.6516,55.15,Q2
RCCRD,USD,2,102.8,107.5,4.7,4.572,154571.4,0.6023,89.32,Q2
PN38D,USD,2,103.75,108.5,4.75,4.5783,5872.42,0.8597,83.28,Q2
VSCYD,USD,2,98.1,102.6,4.5,4.5872,1936.4,1.2923,82.21,Q2
IRCND,USD,1,99.8,104.4,4.6,4.6092,233.07,1.0595,79.33,Q2
VSCRD,USD,2,106.9,111.9,5.0,4.6773,92633.49,5.024,89.31,Q2
YFCGD,USD,2,100.45,105.15,4.7,4.6789,5920.09,0.4079,84.07,Q2
YM41D,USD,1,100.75,105.5,4.75,4.7146,1223.43,0.271,80.25,Q3
RCCRO,ARS,2,156550.0,163990.0,7440.0,4.7525,3830890.4,0.6023,91.52,Q3
TLCUD,USD,1,100.2,105.0,4.8,4.7904,3090.85,2.4257,82.5,Q3
AERBD,USD,1,100.1,104.9,4.8,4.7952,0.0,0.2053,54.98,Q3
OT42O,ARS,2,162100.0,169890.0,7790.0,4.8057,10367463.9,3.2964,93.24,Q3
IRCOD,USD,2,101.7,106.6,4.9,4.8181,46350.5,3.0609,87.95,Q3
RC1CD,USD,2,99.91,104.75,4.84,4.8444,100388.0,6.8309,88.05,Q3
SNEBO,ARS,2,99000.0,103800.0,4800.0,4.8485,6957069.1,2.7844,92.83,Q3
STCFD,USD,2,99.0,103.8,4.8,4.8485,0.0,0.3833,54.91,Q3
PLC3D,USD,1,103.0,108.0,5.0,4.8544,1257.27,1.5797,80.13,Q3
TLCUD,USD,2,99.65,104.5,4.85,4.867,16195.99,2.4257,85.85,Q3
TLCTD,USD,2,102.5,107.5,5.0,4.878,1024828.6,9.3032,91.78,Q3
MR45O,ARS,2,41000.0,43000.0,2000.0,4.878,868687.65,9.7467,89.63,Q3
CS48O,ARS,2,157500.0,165300.0,7800.0,4.9524,14770706.8,1.7769,94.34,Q3
ZPC2D,USD,2,98.1,103.0,4.9,4.9949,8232.84,0.668,82.6,Q3
YFCPD,USD,2,97.6,102.5,4.9,5.0205,2669.53,2.8802,81.95,Q3
ARC1D,USD,2,99.91,105.0,5.09,5.0946,53403.5,4.8323,87.29,Q3
CS47D,USD,1,103.5,108.8,5.3,5.1208,521.25,2.1246,78.32,Q3
YFCPD,USD,1,97.5,102.5,5.0,5.1282,0.0,2.8802,54.75,Q3
CP41D,USD,1,97.0,102.0,5.0,5.1546,2651.95,2.935,80.82,Q3
MR46D,USD,2,76.01,80.0,3.99,5.2493,12876.77,8.2491,84.81,Q3
YFCLD,USD,1,102.0,107.4,5.4,5.2941,0.0,2.141,54.7,Q3
YM42D,USD,2,100.0,105.3,5.3,5.3,241921.36,2.4175,90.3,Q3
CS53D,USD,1,100.6,106.0,5.4,5.3678,208.26,3.5784,79.63,Q3
YFCLD,USD,2,101.5,107.0,5.5,5.4187,56269.29,2.141,88.29,Q3
TLCQD,USD,1,101.2,106.8,5.6,5.5336,0.0,0.7502,54.64,Q3
MSSGD,USD,2,99.62,105.15,5.53,5.5511,1084.7,2.5407,80.89,Q3
VMC1C,EXT,2,95.2,100.5,5.3,5.5672,0.0,3.9754,54.6,Q3
CAC5D,USD,2,50.0,52.8,2.8,5.6,15468.75,1.9001,85.41,Q3
TTCAD,USD,2,103.2,109.0,5.8,5.6202,156248.5,6.3107,88.17,Q3
CP40D,USD,2,97.1,102.6,5.5,5.6643,90316.84,1.4374,87.65,Q3
PLC3D,USD,2,102.6,108.45,5.85,5.7018,45051.56,1.5797,87.82,Q3
FO4AD,USD,2,98.1,103.7,5.6,5.7085,39128.5,1.8015,85.25,Q3
VSCQD,USD,2,93.0,98.5,5.5,5.914,4.64,1.7687,78.47,Q3
OTS2D,USD,2,101.0,107.0,6.0,5.9406,12857.48,0.5613,84.03,Q3
TLCOD,USD,2,98.5,104.4,5.9,5.9898,38846.04,2.1602,86.65,Q3
PN37D,USD,2,99.91,105.9,5.99,5.9954,7705.55,2.1191,83.69,Q3
GN43D,USD,2,98.1,104.0,5.9,6.0143,21584.87,0.4326,83.67,Q3
CS51D,USD,2,99.91,106.0,6.09,6.0955,21431.94,0.3039,85.42,Q3
CS50D,USD,2,99.91,106.0,6.09,6.0955,189174.67,2.4394,89.57,Q3
PQCSO,ARS,2,150800.0,160000.0,9200.0,6.1008,15762979.4,4.3806,93.62,Q3
TTC9O,ARS,2,158800.0,168500.0,9700.0,6.1083,119092839.4,3.0637,95.69,Q3
PN35O,ARS,2,155400.0,164900.0,9500.0,6.1133,94666495.2,2.9897,95.7,Q3
HJCHD,USD,2,98.1,104.1,6.0,6.1162,5443.01,1.295,81.23,Q3
IRCOO,ARS,2,158310.0,168000.0,9690.0,6.1209,34686975.8,3.0609,94.65,Q3
TTCED,USD,2,99.76,106.0,6.24,6.255,36310.89,2.6366,86.32,Q3
PN41D,USD,2,99.91,106.2,6.29,6.2957,195481.7,2.9049,89.11,Q3
DNCBD,USD,1,95.0,101.0,6.0,6.3158,5234.16,2.7543,81.14,Q3
PN41D,USD,1,103.3,109.85,6.55,6.3408,2002.02,2.9049,81.35,Q3
TLCTO,ARS,2,160700.0,171000.0,10300.0,6.4095,652840501.6,9.3032,96.92,Q3
PN35D,USD,1,101.0,107.5,6.5,6.4356,3165.65,2.9897,80.61,Q3
CLSID,USD,2,42.2,45.0,2.8,6.6351,1144.68,0.8159,80.67,Q3
TLCMD,USD,2,105.0,112.0,7.0,6.6667,772835.5,4.794,90.75,Q3
YFCLO,ARS,1,157000.0,167500.0,10500.0,6.6879,584015.0,2.141,87.77,Q3
EAC3D,USD,2,98.01,104.6,6.59,6.7238,41770.85,2.2204,86.27,Q3
GN47D,USD,2,98.1,104.7,6.6,6.7278,10934.48,2.0452,84.03,Q3
VSCXO,ARS,2,160000.0,171000.0,11000.0,6.875,1715731200.0,11.5181,96.94,Q3
TLCQD,USD,2,99.91,106.8,6.89,6.8962,7258.72,0.7502,82.62,Q3
IRCOD,USD,1,101.5,108.5,7.0,6.8966,900.78,3.0609,79.82,Q3
SNEAO,ARS,2,86700.0,92700.0,6000.0,6.9204,3617326.7,2.7844,91.32,Q4_wide
CACDD,USD,2,98.1,104.9,6.8,6.9317,31230.64,2.6749,85.62,Q4_wide
HJCJD,USD,2,98.1,104.9,6.8,6.9317,6276.0,0.8131,81.98,Q4_wide
YFCOD,USD,2,98.21,105.15,6.94,7.0665,21588.1,2.2067,84.94,Q4_wide
VSCXD,USD,2,104.1,111.5,7.4,7.1085,563405.0,11.5181,90.32,Q4_wide
FPC1O,ARS,2,140000.0,150000.0,10000.0,7.1429,0.0,1.3607,54.03,Q4_wide
CP38O,ARS,2,163000.0,175000.0,12000.0,7.362,55027430.0,4.1588,94.11,Q4_wide
YFCJD,USD,2,99.91,107.4,7.49,7.4967,181203.0,6.0424,88.63,Q4_wide
NPCCD,USD,2,99.91,107.5,7.59,7.5968,8541.67,2.8994,83.72,Q4_wide
DNCAC,EXT,2,95.21,102.5,7.29,7.6568,17109.03,6.5736,84.3,Q4_wide
CLI1D,USD,2,32.51,35.0,2.49,7.6592,0.0,8.1916,53.95,Q4_wide
VSCVD,USD,2,109.0,117.4,8.4,7.7064,396335.5,6.6913,89.81,Q4_wide
CS50D,USD,1,101.0,108.95,7.95,7.8713,1.02,2.4394,76.4,Q4_wide
OZC3O,ARS,2,156500.0,169000.0,12500.0,7.9872,64446242.4,1.1608,94.62,Q4_wide
TTC9D,USD,2,99.91,107.9,7.99,7.9972,87525.44,3.0637,87.79,Q4_wide
PLC2D,USD,2,99.91,107.95,8.04,8.0472,21294.15,3.3238,85.06,Q4_wide
PN43D,USD,2,99.91,107.95,8.04,8.0472,232176.5,10.2916,88.99,Q4_wide
PLC3O,ARS,2,155000.0,167500.0,12500.0,8.0645,26131948.6,1.5797,94.36,Q4_wide
YFCGO,ARS,2,150500.0,162670.0,12170.0,8.0864,4892605.7,0.4079,91.0,Q4_wide
MR43O,ARS,2,33100.0,35780.0,2680.0,8.0967,35692272.45,9.7467,94.02,Q4_wide
TTCDD,USD,2,99.91,108.0,8.09,8.0973,596821.5,4.0903,89.89,Q4_wide
YM42D,USD,1,99.9,108.0,8.1,8.1081,11184.43,2.4175,82.7,Q4_wide
SBC3D,USD,1,98.5,106.5,8.0,8.1218,0.0,2.6502,53.76,Q4_wide
BACGD,USD,2,98.1,106.5,8.4,8.5627,1743364.5,2.7269,91.32,Q4_wide
VSCQO,ARS,2,143000.0,155500.0,12500.0,8.7413,10088443.5,1.7687,91.88,Q4_wide
VAC3P,ARS,2,147000.0,159900.0,12900.0,8.7755,150000.0,1.0705,84.32,Q4_wide
PN36D,USD,2,99.91,108.9,8.99,8.9981,40814.31,5.117,86.09,Q4_wide
YFCID,USD,1,98.1,106.95,8.85,9.0214,0.0,0.6982,53.68,Q4_wide
VSCUD,USD,1,105.0,115.0,10.0,9.5238,0.0,3.4305,53.66,Q4_wide
DNC5O,ARS,2,149000.0,163500.0,14500.0,9.7315,38814415.1,1.8453,94.52,Q4_wide
YMCZD,USD,2,99.91,109.7,9.79,9.7988,6844.34,2.026,82.3,Q4_wide
VSCUD,USD,2,99.91,109.75,9.84,9.8489,11977.06,3.4305,82.9,Q4_wide
MGCQD,USD,2,99.91,110.0,10.09,10.0991,103495.67,1.848,87.97,Q4_wide
RUCDD,USD,2,98.0,107.9,9.9,10.102,50807.0,4.178,86.68,Q4_wide
MGCRD,USD,2,100.9,111.2,10.3,10.2081,1807821.5,11.1211,91.02,Q4_wide
GN49D,USD,2,98.1,108.15,10.05,10.2446,76480.5,7.1704,86.55,Q4_wide
VSCPO,ARS,2,153500.0,169600.0,16100.0,10.4886,8230610.5,2.5873,91.74,Q4_wide
YM34O,ARS,1,157000.0,173600.0,16600.0,10.5732,113191129.5,7.2964,95.16,Q4_wide
MR47O,ARS,2,65000.0,72000.0,7000.0,10.7692,627201.1,9.7467,88.22,Q4_wide
VSCUO,ARS,2,157500.0,174900.0,17400.0,11.0476,9066793.2,3.4305,91.79,Q4_wide
TSC4D,USD,2,99.91,111.0,11.09,11.1,233861.0,9.1362,88.67,Q4_wide
SNSDD,USD,2,70.0,78.0,8.0,11.4286,705.01,0.3504,77.73,Q4_wide
SNSBO,ARS,2,114500.0,128000.0,13500.0,11.7904,1414757.3,0.0356,87.35,Q4_wide
RZ9BD,USD,2,55.0,61.8,6.8,12.3636,0.0,2.924,53.43,Q4_wide
EOC1D,USD,2,90.0,101.35,11.35,12.6111,97.24,1.41,77.4,Q4_wide
SNSBD,USD,2,75.0,84.5,9.5,12.6667,0.0,0.0356,53.4,Q4_wide
VSCKO,ARS,2,130000.0,147000.0,17000.0,13.0769,0.0,1.4209,53.38,Q4_wide
SNEBD,USD,2,59.0,67.0,8.0,13.5593,5823.92,2.7844,81.85,Q4_wide
RC3CO,ARS,2,101.0,115.0,14.0,13.8614,77896.25,0.2053,84.08,Q4_wide
BACHD,USD,2,98.1,113.0,14.9,15.1886,703604.5,4.3258,89.38,Q4_wide
SNSDO,ARS,2,104010.0,119910.0,15900.0,15.287,0.0,0.3504,53.32,Q4_wide
YMCRO,ARS,2,130000.0,151200.0,21200.0,16.3077,0.0,1.9493,53.3,Q4_wide
SNABD,USD,2,69.0,80.5,11.5,16.6667,0.78,2.7844,75.66,Q4_wide
DNC3O,ARS,2,149000.0,174000.0,25000.0,16.7785,98755155.4,0.1424,94.46,Q4_wide
RZABD,USD,2,50.1,93.2,43.1,86.0279,0.0,1.1581,53.26,Q4_wide
CLSIC,EXT,1,25.2,47.997,22.797,90.4643,0.0,0.8159,53.24,Q4_wide
PECLO,ARS,2,44.0,95.0,51.0,115.9091,0.0,5.9001,53.23,Q4_wide
MR43O,ARS,1,30100.0,150000.0,119900.0,398.3389,0.0,9.7467,53.21,Q4_wide
CIC8D,USD,2,102.3,10550.0,10447.7,10212.8055,19274.24,2.1164,83.95,Q4_wide
YM38O,ARS,2,152.7,163000.0,162847.3,106645.2521,266140661.6,0.8049,95.11,Q4_wide
