issuer,cuit,sector,is_mapped,cantidad_ons,con_trade,volumen_total,liquidity_score_promedio,spread_pct_promedio,spread_pct_median,years_to_maturity_promedio
Vista Oil & Gas Argentina S.A.U.,33515950899,Energía - Petróleo y Gas,True,57,38,41910886552.22,51.1352,10497.2045,9.5238,4.1116
Pan American Energy LLC (PAE Sucursal),30714813583,Energía - Petróleo y Gas,True,68,40,10432750172.72,51.2225,5.8386,4.9133,2.8887
YPF S.A.,30546689979,Energía - Petróleo y Gas,True,84,68,9929341136.25,55.1868,4910.1856,4.2586,3.3673
[JNC],,Sin mapear,False,11,4,3870662295.74,44.8756,,,0.9112
Pampa Energía S.A.,30526552659,Energía - Electricidad,True,41,31,3004093655.06,52.9829,2.4125,2.897,4.9467
Banco Comafi S.A.,30604731018,Financiero - Bancos,True,27,5,2867080925.35,41.7238,,,0.8968
Capex S.A.,30629827060,Energía - Electricidad,True,20,9,2052901814.56,48.5894,5.7687,6.9317,1.7871
Telecom Argentina S.A.,30639453738,Telecomunicaciones,True,41,35,1836913683.28,56.8292,3.9726,3.8347,3.7642
Pluspetrol S.A.,30678224010,Energía - Petróleo y Gas,True,31,27,1431901595.65,56.2943,4.8264,4.7533,4.4495
Tecpetrol S.A.,30592665472,Energía - Petróleo y Gas,True,28,22,1294944220.24,55.2161,5.7566,5.6202,3.2489
IRSA Inversiones y Representaciones S.A.,30524688673,Real Estate,True,25,19,1198369799.37,55.7937,5.2198,4.0816,2.5647
EDENOR S.A.,30655116202,,True,26,26,608821286.77,59.6804,5.442,3.7559,3.3326
ARCOR S.A.I.C.,30502793175,,True,17,7,594271387.08,47.8352,5.2264,5.0896,2.8852
CERAMICA RUTA 16 S.R.L.,30710080085,,True,10,9,422039645.38,59.0306,5.6444,5.6444,2.8275
YPF Energía Eléctrica S.A.,30714128309,Energía - Electricidad,True,37,22,389683383.26,53.1244,4.8399,5.0602,1.9148
Cresud S.A.C.I.F. y A.,30509300700,Agro - Real Estate,True,32,17,334941076.17,51.5655,4.2336,4.9524,1.7029
[TSC],,Sin mapear,False,11,6,325202904.0,47.8968,4.1148,4.1148,6.7822
Banco de Galicia y Buenos Aires S.A.,30500001735,Financiero - Bancos,True,15,8,322433676.28,48.6781,4.5775,4.5775,1.0185
John Deere Credit Cía. Financiera S.A.,30707024859,Financiero - Crédito Industrial,True,26,16,303513023.07,51.774,4.2154,4.5499,1.3559
Cía. General de Combustibles S.A.,30506733932,Energía - Gas,True,13,11,301059923.69,54.9557,4.63,4.63,1.9228
[MCC],,Sin mapear,False,12,12,286439362.33,62.3389,2.081,2.1316,2.0694
MIRGOR S.A.,30578036071,,True,10,10,231146987.26,61.6762,1.7325,1.8072,0.8227
CIA GENERAL DE COMBUSTIBLES S.A.,30506733932,,True,8,8,228873371.08,60.6414,4.49,5.1546,1.9597
MSU GREEN ENERGY S.A.U.,30714155128,,True,14,7,226015584.83,49.3509,4.071,4.071,4.108
[BAC],,Sin mapear,False,18,8,172988971.0,46.2503,12.4872,12.4872,2.3319
ESTACION DE SERVICIOS 25 DE MAYO SRL,33708128649,,True,5,5,138203746.3,64.8188,3.7746,4.0594,3.9808
[OTS],,Sin mapear,False,18,17,135578804.97,56.6943,1.9834,1.9834,1.6131
BANCO BBVA ARGENTINA S.A.,30500003193,,True,24,5,134983654.79,42.5906,,,1.1326
[LOC],,Sin mapear,False,9,6,115741816.14,57.1557,3.6626,2.9771,1.4601
[NPC],,Sin mapear,False,9,9,104769514.1,57.9765,4.5804,4.1026,3.0766
OLEODUCTOS DEL VALLE S.A.,30658840165,,True,19,11,103406380.28,49.887,4.3512,3.6933,2.13
SAN BAUTISTA DEL SUR SA,30715659340,,True,13,8,95321304.69,53.3932,8.0784,3.6304,2.063
Generación Mediterránea / Central Térmica Roca S.A.,33711944899,Energía - Electricidad,True,16,15,94481338.74,57.2229,113.1155,23.4092,9.2173
BLM DESARROLLOS SA,30718221516,,True,18,6,88014830.12,44.0773,4.534,4.534,1.3765
[LQC],,Sin mapear,False,4,4,68712283.5,54.2512,,,7.8275
[STC],,Sin mapear,False,8,1,61845000.0,43.206,3.9899,3.9899,0.3735
CNH INDUSTRIAL CAPITAL ARGENTINA S.A.,30714322938,,True,13,10,56627398.01,55.78,2040.8347,4.0201,1.4727
[LDC],,Sin mapear,False,3,3,55358973.87,56.324,,,1.013
Arcor S.A.I.C.,30502793175,Consumo - Alimentos,True,7,5,46332113.98,56.9591,6.5255,4.7525,0.4634
Petroquímica Comodoro Rivadavia S.A.,30563598111,Industria - Petroquímica,True,18,8,29326797.21,47.4555,4.5192,3.9196,2.0147
Genneia S.A.,30665234114,Energía - Renovable,True,25,10,26620102.82,46.6783,6.5992,7.1356,2.3439
SION S.A.,30690076043,,True,11,8,26557665.16,59.5256,11.6355,11.9472,1.8149
PLAZA LOGISTICA S.R.L.,30655942382,,True,15,3,22178551.94,43.1477,3.4288,3.4288,1.0433
Aeropuertos Argentina 2000 S.A.,30696170580,Infraestructura - Aeropuertos,True,5,3,19505236.5,50.0489,6.2456,6.2456,4.8378
MSU S.A.,30607597193,Energía,True,9,4,18554541.96,48.745,4.5836,4.5836,1.2357
Banco Supervielle S.A.,33500005179,Financiero - Bancos,True,12,2,17627500.0,41.5167,,,0.8413
Mastellone Hermanos S.A.,30547242331,Alimentos - Lácteos,True,6,4,14540408.35,53.5556,3.8384,3.8384,1.3963
Minera Exar S.A.,30709667587,Minería - Litio,True,5,4,14435036.99,55.9743,,,1.117
[AEC],,Sin mapear,False,9,3,14260253.38,45.0847,0.603,0.603,1.1926
[TT1],,Sin mapear,False,4,5,13064026.0,55.25,,,6.3162
PETROLERA ACONCAGUA ENERGIA S.A.,30714814229,,True,11,4,12871840.08,46.9918,60.5057,60.5057,5.3169
[BY3],,Sin mapear,False,2,2,12616980.42,58.4033,,,1.922
[VBC],,Sin mapear,False,6,2,10972737.5,48.9722,4.0103,4.0103,0.4442
[GYC],,Sin mapear,False,6,4,10639400.92,50.5891,0.2475,0.2475,1.8214
[SIC],,Sin mapear,False,8,3,9341290.55,45.35,,,1.4579
Empresa Distrib. de Electricidad Salta S.A.,30690633635,Energía - Electricidad,True,9,6,8729911.08,54.488,2.236,1.535,0.8137
[LUC],,Sin mapear,False,5,2,8611406.82,48.3512,2.7108,2.7108,3.2087
EMPRESA DISTRIB DE ELECTRICIDAD DE MENDOZA S.A.,30699542454,,True,10,2,7438107.54,44.5722,3.8814,2.6908,4.6423
Rombo Cía. Financiera S.A.,33707124909,Financiero - Crédito Automotriz,True,5,1,7105000.0,43.7317,,,0.6252
[OT4],,Sin mapear,False,6,2,5643247.51,46.093,3.1086,3.1086,2.3012
[CLI],,Sin mapear,False,3,2,5470022.91,53.43,7.6261,7.6261,8.1971
[ZZC],,Sin mapear,False,4,4,5321939.99,56.7362,0.7882,0.7882,0.397
[EOC],,Sin mapear,False,4,2,3357266.9,47.4767,,,1.4985
RIZOBACTER ARGENTINA S.A.,30593174057,,True,7,3,3004302.66,46.81,3.5,3.5,2.9295
[CLS],,Sin mapear,False,6,2,2705846.07,47.75,60.9413,67.8417,0.8214
[FO4],,Sin mapear,False,6,2,2103470.64,45.241,5.7085,5.7085,1.3577
Tarjeta Naranja S.A.,30685376349,Financiero - Crédito Consumo,True,7,3,2047340.29,45.5892,10.6014,10.6014,0.3605
[IES],,Sin mapear,False,1,1,1846746.0,54.655,,,0.8624
PATAGONIA FRUITS TRADE S.A,30690967541,,True,10,5,1834363.79,48.7494,2.1178,2.1178,2.1711
[VAC],,Sin mapear,False,3,1,1367611.2,50.642,436.5164,436.5164,1.076
MERCADO PAGO SERVICIOS DE PROCESAMIENTO S.R.L.,30716999498,,True,7,1,832889.43,40.7555,,,0.4381
GENERACION LITORAL SA,33715184139,,True,2,2,572389.95,57.8233,,,2.5791
[AER],,Sin mapear,False,15,3,511095.22,43.85,3.2722,3.9355,1.1953
[RVS],,Sin mapear,False,1,2,442117.05,69.805,,,0.4134
[PUC],,Sin mapear,False,2,1,312000.0,45.5325,,,0.9117
Plaza Logística S.R.L.,30655942382,Logística - Real Estate,True,2,2,126584.94,57.005,2.006,2.006,1.681
BANCO MARIVA S.A.,30516420444,,True,6,1,124623.0,41.5988,,,0.7666
[MU3],,Sin mapear,False,6,2,111532.1,43.605,,,1.2211
GENER.MEDITE./CENTRAL TERMICA ROCA S.A.,33711944899,,True,2,1,89600.0,48.2433,,,9.7522
[MUC],,Sin mapear,False,2,2,62020.16,64.255,,,1.076
[CRC],,Sin mapear,False,1,1,26282.52,52.445,,,1.629
[IE1],,Sin mapear,False,1,1,21348.76,52.235,,,0.8624
Rizobacter Argentina S.A.,30593174057,Agro - Biotech,True,6,1,11040.0,44.3322,49.1958,49.1958,1.9484
[HVS],,Sin mapear,False,3,1,9841.96,46.9,4.6953,4.6953,1.7741
CROWN POINT ENERGIA S.A.,30709346268,,True,3,2,9048.49,49.2883,5.9596,5.9596,1.6993
[FYC],,Sin mapear,False,2,1,7982.84,44.52,,,2.6146
[DKC],,Sin mapear,False,2,2,6302.0,54.2933,,,1.9986
[EMC],,Sin mapear,False,5,1,4025.19,43.4762,0.9718,0.9718,0.7611
Banco BBVA Argentina S.A.,30500003193,Financiero - Bancos,True,7,1,2029.0,44.6611,1.6782,1.6782,0.1743
Tarjeta Naranja S.A.U.,30685376349,Financiero - Consumo,True,10,1,2020.0,40.2818,1.4851,1.4851,0.7945
[COC],,Sin mapear,False,3,1,1960.0,45.9333,,,2.5307
[BGC],,Sin mapear,False,6,1,1219.8,40.4089,,,0.5229
[MJC],,Sin mapear,False,2,1,1067.0,43.905,,,0.3915
S.A. San Miguel,30511190238,Agro - Frutícola,True,2,1,85.14,57.14,16.8116,16.8116,2.7899
YPF S.A.,30546689979,,True,4,1,1.04,40.94,,,0.0301
BANCO HIPOTECARIO S.A.,30500011072,,True,10,0,0.0,37.71,,,0.308
BANCO DE CREDITO Y SECURITIZACION SA,30707227415,,True,2,0,0.0,37.71,,,0.1259
Credicuotas Consumo S.A.,30710911580,Financiero - Crédito Consumo,True,7,0,0.0,37.71,,,0.4432
CFN S.A.,30641056177,,True,1,0,0.0,37.71,,,0.2026
C&C MEDICAL S S.A.,30707174702,,True,1,0,0.0,37.71,,,1.5469
CAPEX S.A.,30629827060,,True,3,0,0.0,37.71,,,0.7639
Banco de Servicios y Transacciones S.A.,30704960995,Financiero - Bancos,True,6,0,0.0,37.71,,,0.2172
Agronorte S.R.L.,30547794482,Agro,True,2,0,0.0,37.71,,,0.6626
RICARDO VENTURINO S.A,30698318895,,True,2,0,0.0,37.71,,,2.0808
VOLKSWAGEN FINANCIAL SERVICES COMPAÑIA FINANCIERA SA,30682419578,,True,2,0,0.0,37.71,,,0.1999
LABORATORIOS RICHMOND S.A.C.I.F.,30501152826,,True,8,0,0.0,39.3918,2.6786,2.6786,1.8055
NUEVO BANCO DEL CHACO S.A.,30670157799,,True,2,0,0.0,37.71,,,0.1944
PAN AMERICAN ENERGY LLC (PAE SUCURSAL),30714813583,,True,5,0,0.0,37.71,,,0.7611
PETROQUIMICA COMODORO RIVADAVIA S.A,30563598111,,True,2,0,0.0,37.71,,,0.794
FCA CIA. FINANCIERA SA,30692304884,,True,2,0,0.0,37.71,,,0.6626
INSUGA CHACO S.A,33711217679,,True,4,0,0.0,37.71,,,0.7507
HATTRICK ENERGY SAS,30715857460,,True,1,0,0.0,37.71,,,2.7515
GENERACION MEDITERRANEA S.A.,30682434720,,True,1,0,0.0,37.71,,,0.6598
PROCESOS INDUSTRIALES METALLO SA,30716855372,,True,1,0,0.0,37.71,,,0.5777
S.A. SAN MIGUEL,30511190238,,True,1,0,0.0,37.71,,,2.7899
SPECIAL GRAINS S.A/PETROAGRO S.A.,30600615889,,True,1,0,0.0,37.71,,,0.0329
PSA Finance Argentina Cía. Financiera S.A.,30707847367,Financiero - Crédito Automotriz,True,4,0,0.0,37.71,,,0.9468
TELECOM ARGENTINA S.A.,30639453738,,True,4,0,0.0,37.71,,,0.5625
PROCHEM BIO S.A.,30710218192,,True,1,0,0.0,37.71,,,0.3669
PROMEDON S.A.,30619780635,,True,4,0,0.0,37.71,,,2.3792
PROSEIND S.A.,30707009892,,True,1,0,0.0,37.71,,,0.6543
[A11],,Sin mapear,False,1,0,0.0,37.71,,,1.5031
Zafra S.A.,30592486268,Agro,True,1,0,0.0,37.71,,,0.7995
Volkswagen Financial Services Cía. Financiera S.A.,30682419578,Financiero - Crédito Automotriz,True,3,0,0.0,37.71,,,1.0386
YPF ENERGIA ELECTRICA S.A.,30714128309,,True,1,0,0.0,37.71,,,0.4134
TOYOTA COMPANIA FINANCIERA DE ARGENTINA,30709000426,,True,1,0,0.0,37.71,,,0.7283
TRESNAL AGROPECUARIA S.A.,33708830599,,True,2,0,0.0,37.71,,,0.5147
Toyota Compañía Financiera de Argentina S.A.,30709000426,Financiero - Crédito Automotriz,True,2,0,0.0,37.71,,,0.4216
[CY2],,Sin mapear,False,2,0,0.0,37.71,,,0.6352
[AX1],,Sin mapear,False,1,0,0.0,37.71,,,2.527
[AXS],,Sin mapear,False,1,0,0.0,37.71,,,2.527
[AU1],,Sin mapear,False,1,0,0.0,37.71,,,1.2293
[AUS],,Sin mapear,False,1,0,0.0,37.71,,,1.2293
[BNC],,Sin mapear,False,2,0,0.0,37.71,,,0.6288
[BYZ],,Sin mapear,False,7,0,0.0,39.7167,3.4908,3.4908,1.2771
[CVS],,Sin mapear,False,2,0,0.0,37.71,,,0.345
[BYY],,Sin mapear,False,9,0,0.0,37.71,,,1.2283
[FTN],,Sin mapear,False,4,0,0.0,37.71,,,0.8629
[FPC],,Sin mapear,False,1,0,0.0,37.71,,,1.3662
[GPS],,Sin mapear,False,1,0,0.0,37.71,,,0.3395
[EBS],,Sin mapear,False,1,0,0.0,37.71,,,1.5387
[DQS],,Sin mapear,False,2,0,0.0,37.71,,,0.909
[OFS],,Sin mapear,False,1,0,0.0,37.71,,,2.5188
[NLC],,Sin mapear,False,1,0,0.0,37.71,,,0.6626
[MU0],,Sin mapear,False,1,0,0.0,37.71,,,2.9405
[PHC],,Sin mapear,False,3,0,0.0,37.71,,,1.4579
[TBC],,Sin mapear,False,2,0,0.0,37.71,,,1.2621
[RAC],,Sin mapear,False,12,0,0.0,37.71,,,5.6899
[ROC],,Sin mapear,False,1,0,0.0,37.71,,,0.9938
[TGC],,Sin mapear,False,1,0,0.0,37.71,,,0.3696
[WNC],,Sin mapear,False,1,0,0.0,37.71,,,0.616
[YCA],,Sin mapear,False,6,0,0.0,37.71,,,0.8077
[YPC],,Sin mapear,False,1,0,0.0,37.71,,,2.0945
