ticker,moneda,tipo_liquidacion,precio_compra,precio_venta,spread_abs,spread_pct,monto_operado,years_to_maturity,liquidity_score,spread_cuartil
YM34O,ARS,1,164980.0,165000.0,20.0,0.0121,28385822.7,7.5838,99.28,Q1_tight
CICAO,ARS,2,149900.0,149940.0,40.0,0.0267,8926222.0,1.9603,98.66,Q1_tight
LDCGD,USD,2,99.46,99.49,0.03,0.0302,1462.51,1.295,92.04,Q1_tight
YM34O,ARS,2,165010.0,165060.0,50.0,0.0303,222237592.2,7.5838,99.89,Q1_tight
MCC3O,ARS,1,148200.0,148260.0,60.0,0.0405,1214228.0,3.896,96.69,Q1_tight
YMCXD,USD,2,112.8,112.85,0.05,0.0443,82808.66,5.232,96.43,Q1_tight
PLC4D,USD,2,108.9,108.95,0.05,0.0459,56673.0,5.9493,95.89,Q1_tight
RCCRD,USD,2,103.4,103.45,0.05,0.0484,8622.95,0.8898,93.99,Q1_tight
EAC4D,USD,2,103.35,103.4,0.05,0.0484,69905.88,9.9959,96.32,Q1_tight
VSCRO,ARS,2,161910.0,162000.0,90.0,0.0556,35207587.5,5.3114,99.16,Q1_tight
IRCPO,ARS,2,159770.0,159900.0,130.0,0.0814,142769678.8,8.783,99.66,Q1_tight
YM34D,USD,1,112.65,112.75,0.1,0.0888,7138.3,7.5838,94.05,Q1_tight
YM42O,ARS,2,152630.0,152770.0,140.0,0.0917,7680335.6,2.705,98.12,Q1_tight
CS48D,USD,2,107.35,107.45,0.1,0.0932,3353.74,2.0643,93.32,Q1_tight
DNCAD,USD,2,106.8,106.9,0.1,0.0936,3845.1,6.8611,92.27,Q1_tight
OTS6D,USD,2,103.3,103.4,0.1,0.0968,2574.18,3.1129,92.12,Q1_tight
TLCPO,ARS,1,162740.0,162900.0,160.0,0.0983,5880599.1,6.9432,97.96,Q1_tight
NPCDD,USD,2,100.9,101.0,0.1,0.0991,434.9,3.8658,90.39,Q1_tight
TLCWD,USD,2,99.9,100.0,0.1,0.1001,39737.46,3.9452,95.44,Q1_tight
PLC4O,ARS,2,159430.0,159590.0,160.0,0.1004,20698400.0,5.9493,98.1,Q1_tight
EAC4O,ARS,2,151530.0,151690.0,160.0,0.1056,1216881289.6,9.9959,99.44,Q1_tight
MCC3O,ARS,2,148200.0,148360.0,160.0,0.108,4503080.8,3.896,97.78,Q1_tight
YMCXO,ARS,2,165110.0,165290.0,180.0,0.109,57674129.1,5.232,99.33,Q1_tight
YMCJO,ARS,2,156210.0,156400.0,190.0,0.1216,42728368.7,7.2854,99.24,Q1_tight
YMCXD,USD,1,112.85,113.0,0.15,0.1329,224.5,5.232,89.49,Q1_tight
YM34D,USD,2,112.55,112.7,0.15,0.1333,123155.33,7.5838,96.27,Q1_tight
TLCPD,USD,2,111.0,111.15,0.15,0.1351,114063.27,6.9432,96.21,Q1_tight
PLC5D,USD,2,108.3,108.45,0.15,0.1385,11930.0,4.9144,93.2,Q1_tight
YM42D,USD,2,104.2,104.35,0.15,0.144,23385.14,2.705,95.09,Q1_tight
DEC2D,USD,2,102.15,102.3,0.15,0.1468,321.52,0.6872,90.04,Q1_tight
DNC3D,USD,2,102.15,102.3,0.15,0.1468,15826.48,0.4298,94.96,Q1_tight
OZC3O,ARS,2,148300.0,148520.0,220.0,0.1483,9786688.1,1.4483,98.04,Q1_tight
CP36D,USD,2,99.55,99.7,0.15,0.1507,863.72,1.3114,90.75,Q1_tight
TLCTO,ARS,2,163500.0,163750.0,250.0,0.1529,179476389.5,9.5907,99.25,Q1_tight
MIC4O,ARS,2,147760.0,148000.0,240.0,0.1624,6660000.0,1.1116,96.37,Q1_tight
DNC3O,ARS,2,149690.0,149940.0,250.0,0.167,17070427.0,0.4298,98.48,Q1_tight
VSCVD,USD,2,111.0,111.2,0.2,0.1802,25518.0,6.9788,94.92,Q1_tight
VSCRD,USD,2,110.5,110.7,0.2,0.181,3798.85,5.3114,93.06,Q1_tight
PN36D,USD,2,108.1,108.3,0.2,0.185,2631.28,5.4045,92.01,Q1_tight
MGCQD,USD,2,107.65,107.85,0.2,0.1858,3759.97,2.1355,92.7,Q1_tight
TTCDD,USD,2,107.6,107.8,0.2,0.1859,108853.0,4.3778,95.66,Q1_tight
MGCRD,USD,2,106.8,107.0,0.2,0.1873,21400.0,11.4086,93.18,Q1_tight
RUCDD,USD,2,104.8,105.0,0.2,0.1908,20276.95,4.4654,94.86,Q1_tight
YM38O,ARS,2,154000.0,154300.0,300.0,0.1948,1299485.4,1.0924,96.14,Q1_tight
NPCDO,ARS,2,147500.0,147800.0,300.0,0.2034,58106.0,3.8658,93.8,Q1_tight
TLCPO,ARS,2,162510.0,162860.0,350.0,0.2154,145846294.2,6.9432,99.06,Q1_tight
TLCTD,USD,2,111.7,111.95,0.25,0.2238,93465.3,9.5907,95.67,Q1_tight
YMCID,USD,2,111.6,111.85,0.25,0.224,24553.02,3.039,94.96,Q1_tight
PLC4D,USD,1,108.7,108.95,0.25,0.23,0.0,5.9493,60.9,Q1_tight
PN38D,USD,2,107.8,108.05,0.25,0.2319,1394.46,1.1472,91.0,Q1_tight
ARC1D,USD,2,107.5,107.75,0.25,0.2326,0.0,5.1198,60.86,Q1_tight
YMCJD,USD,2,106.8,107.05,0.25,0.2341,25079.45,7.2854,95.02,Q1_tight
YM38D,USD,2,105.1,105.35,0.25,0.2379,5459.11,1.0924,92.79,Q1_tight
BYCXD,USD,2,104.35,104.6,0.25,0.2396,0.0,0.5339,60.81,Q1_tight
CS51D,USD,2,102.75,103.0,0.25,0.2433,343.19,0.5914,89.08,Q1_tight
YM41D,USD,2,102.5,102.75,0.25,0.2439,11835.74,0.5585,94.1,Q1_tight
YM37O,ARS,2,151570.0,151940.0,370.0,0.2441,2804706.3,0.8843,96.84,Q1_tight
MCC3D,USD,2,101.0,101.25,0.25,0.2475,31942.69,3.896,94.78,Q1_tight
GYC5D,USD,2,100.75,101.0,0.25,0.2481,0.0,1.2156,60.73,Q1_tight
TTCED,USD,2,100.6,100.85,0.25,0.2485,12407.57,2.924,92.95,Q1_tight
T672D,USD,2,100.5,100.75,0.25,0.2488,0.0,0.6817,60.7,Q1_tight
VSCVO,ARS,2,162350.0,162760.0,410.0,0.2525,34086000.0,6.9788,98.06,Q1_tight
YMCXC,EXT,2,109.7,110.0,0.3,0.2735,7026.42,5.232,93.42,Q1_tight
BACGD,USD,2,109.65,109.95,0.3,0.2736,1119.0,3.0144,89.49,Q1_tight
YM34C,EXT,2,109.4,109.7,0.3,0.2742,7972.27,7.5838,93.6,Q1_tight
VSCXD,USD,2,109.0,109.3,0.3,0.2752,113604.5,11.8056,95.45,Q1_tight
DNC5D,USD,2,108.75,109.05,0.3,0.2759,4823.67,2.1328,92.91,Q1_tight
TLCTC,EXT,2,108.7,109.0,0.3,0.276,10487.95,9.5907,93.48,Q1_tight
LOC5D,USD,2,106.8,107.1,0.3,0.2809,3320.5,1.0979,91.16,Q1_tight
DNC5O,ARS,2,159450.0,159900.0,450.0,0.2822,9894865.1,2.1328,97.56,Q1_tight
PLC5O,ARS,2,158490.0,158940.0,450.0,0.2839,1593100.0,4.9144,94.45,Q1_tight
PLC5C,EXT,2,105.25,105.55,0.3,0.285,0.0,4.9144,60.51,Q1_tight
PLC6D,USD,2,104.1,104.4,0.3,0.2882,14757.24,2.6968,93.62,Q1_tight
VSCXO,ARS,2,159430.0,159890.0,460.0,0.2885,107190900.0,11.8056,98.43,Q1_tight
YMCYD,USD,2,103.7,104.0,0.3,0.2893,4450.63,2.3135,92.6,Q1_tight
MGCND,USD,2,103.25,103.55,0.3,0.2906,28.07,2.2971,87.72,Q1_tight
TLCOD,USD,2,103.2,103.5,0.3,0.2907,16752.88,2.4476,94.16,Q1_tight
OTS2D,USD,2,102.7,103.0,0.3,0.2921,5131.37,0.8487,92.0,Q1_tight
PN42D,USD,2,102.55,102.85,0.3,0.2925,1172.06,0.8296,90.11,Q1_tight
YM35D,USD,2,102.05,102.35,0.3,0.294,21177.44,0.6954,93.68,Q1_tight
OZC3D,USD,2,101.05,101.35,0.3,0.2969,2725.04,1.4483,91.34,Q1_tight
EAC4C,EXT,1,100.25,100.55,0.3,0.2993,0.0,9.9959,60.35,Q1_tight
EAC4C,EXT,2,100.05,100.35,0.3,0.2999,22458.33,9.9959,94.13,Q1_tight
YMCIO,ARS,2,163280.0,163790.0,510.0,0.3123,42865279.6,3.039,98.19,Q1_tight
PN35O,ARS,2,156500.0,156990.0,490.0,0.3131,32595652.7,3.2772,97.92,Q1_tight
RUCDO,ARS,2,153010.0,153490.0,480.0,0.3137,23242972.3,4.4654,97.81,Q1_tight
TLCPD,USD,1,110.95,111.3,0.35,0.3155,4930.68,6.9432,92.4,Q1_tight
VSCUO,ARS,1,157500.0,158000.0,500.0,0.3175,1685187.2,3.718,95.3,Q1_tight
BACGO,ARS,2,160510.0,161020.0,510.0,0.3177,19357000.0,3.0144,96.45,Q1_tight
VSCPO,ARS,2,155300.0,155800.0,500.0,0.322,3939185.3,2.8747,96.11,Q1_tight
MGCQO,ARS,2,157560.0,158070.0,510.0,0.3237,260123.9,2.1355,94.75,Q1_tight
TLCPC,EXT,2,108.0,108.35,0.35,0.3241,3802.7,6.9432,92.12,Q1_tight
TLCOO,ARS,2,150710.0,151200.0,490.0,0.3251,65903886.6,2.4476,98.11,Q1_tight
TSC4D,USD,2,107.5,107.85,0.35,0.3256,34532.0,9.4237,94.03,Q1_tight
YMCXO,ARS,1,164940.0,165480.0,540.0,0.3274,1578595.2,5.232,95.65,Q1_tight
PLC3D,USD,2,106.6,106.95,0.35,0.3283,1559.56,1.8672,89.83,Q1_tight
CS50D,USD,2,106.1,106.45,0.35,0.3299,1044.59,2.7269,88.75,Q1_tight
PLC4C,EXT,2,105.6,105.95,0.35,0.3314,0.0,5.9493,60.08,Q1_tight
IRCPO,ARS,1,159670.0,160200.0,530.0,0.3319,2794232.6,8.783,96.16,Q1_tight
MGCQC,EXT,2,104.65,105.0,0.35,0.3344,0.0,2.1355,60.05,Q1_tight
TSC4C,EXT,2,104.5,104.85,0.35,0.3349,15727.5,9.4237,92.53,Q1_tight
RC1CO,ARS,2,160670.0,161210.0,540.0,0.3361,0.0,7.1184,60.01,Q1_tight
VBC1D,USD,2,103.8,104.15,0.35,0.3372,0.0,0.7283,59.99,Q1_tight
ARC1O,ARS,2,157170.0,157700.0,530.0,0.3372,6286800.0,5.1198,94.71,Q1_tight
GN48D,USD,2,103.55,103.9,0.35,0.338,0.0,1.7139,59.96,Q1_tight
VSCWD,USD,2,103.15,103.5,0.35,0.3393,24651.88,0.7392,92.81,Q1_tight
CS47D,USD,2,103.0,103.35,0.35,0.3398,10712.98,2.412,92.08,Q1_tight
TLCMD,USD,2,115.4,115.8,0.4,0.3466,32320.0,5.0815,93.66,Q1_tight
NPCDD,USD,1,100.9,101.25,0.35,0.3469,0.0,3.8658,59.9,Q1_tight
TSC3D,USD,2,113.15,113.55,0.4,0.3535,0.0,5.0979,59.88,Q1_tight
MGCNO,ARS,2,150760.0,151300.0,540.0,0.3582,175968.3,2.2971,93.68,Q1_tight
TTCDO,ARS,2,157600.0,158170.0,570.0,0.3617,228298500.0,4.3778,97.76,Q1_tight
MGCOO,ARS,2,157360.0,157930.0,570.0,0.3622,31547000.0,8.4956,95.78,Q1_tight
CS48O,ARS,2,156810.0,157380.0,570.0,0.3635,3182567.3,2.0643,96.11,Q1_tight
RC1CD,USD,2,109.9,110.3,0.4,0.364,0.0,7.1184,59.8,Q1_tight
YFCJD,USD,2,108.15,108.55,0.4,0.3699,5385.0,6.3299,91.42,Q1_tight
CP38D,USD,2,108.1,108.5,0.4,0.37,7473.3,4.4463,91.8,Q1_tight
PN35D,USD,2,107.0,107.4,0.4,0.3738,15496.56,3.2772,93.24,Q1_tight
IRCOD,USD,2,107.0,107.4,0.4,0.3738,1235.57,3.3484,90.24,Q1_tight
IRCOD,USD,1,107.0,107.4,0.4,0.3738,1255.51,3.3484,88.74,Q1_tight
BACGC,EXT,2,106.45,106.85,0.4,0.3758,32070.0,3.0144,93.12,Q1_tight
BACGC,EXT,1,106.4,106.8,0.4,0.3759,0.0,3.0144,59.68,Q1_tight
VSCXC,EXT,2,106.0,106.4,0.4,0.3774,2130.5,11.8056,89.57,Q1_tight
EMC1D,USD,2,105.9,106.3,0.4,0.3777,259.46,1.0431,87.37,Q1_tight
YM40D,USD,2,105.1,105.5,0.4,0.3806,4424.26,2.1958,91.6,Q1_tight
MTCGD,USD,1,104.9,105.3,0.4,0.3813,12690.79,0.0329,92.09,Q1_tight
HVS1D,USD,2,104.1,104.5,0.4,0.3842,26.13,2.0561,86.85,Q1_tight
CS44D,USD,2,103.15,103.55,0.4,0.3878,51.58,0.5832,86.88,Q1_tight
YFCND,USD,2,102.45,102.85,0.4,0.3904,553.17,0.293,89.22,Q1_tight
TLCMO,ARS,2,168880.0,169540.0,660.0,0.3908,30394000.0,5.0815,96.73,Q1_tight
MTCGC,EXT,2,102.15,102.55,0.4,0.3916,193.82,0.0329,87.14,Q1_tight
MTCGC,EXT,1,102.1,102.5,0.4,0.3918,0.0,0.0329,59.51,Q1_tight
CICAD,USD,2,102.0,102.4,0.4,0.3922,6383.63,1.9603,92.13,Q1_tight
TTCED,USD,1,100.6,101.0,0.4,0.3976,0.0,2.924,59.48,Q1_tight
TTCAD,USD,2,111.5,111.95,0.45,0.4036,2230.0,6.5982,88.95,Q1_tight
MGCMD,USD,2,110.7,111.15,0.45,0.4065,0.0,5.2293,59.45,Q1_tight
VSCTD,USD,2,108.05,108.5,0.45,0.4165,37920.0,9.4784,92.38,Q1_tight
MGCOD,USD,2,107.4,107.85,0.45,0.419,43245.0,8.4956,92.7,Q1_tight
RCCRO,ARS,2,151100.0,151740.0,640.0,0.4236,4551.8,0.8898,90.04,Q1_tight
MTCGD,USD,2,105.0,105.45,0.45,0.4286,30849.68,0.0329,93.51,Q1_tight
PQCTD,USD,2,104.9,105.35,0.45,0.429,3667.05,2.0917,90.05,Q1_tight
YM35O,ARS,2,149410.0,150060.0,650.0,0.435,12974322.4,0.6954,95.6,Q1_tight
MTCGO,ARS,2,153950.0,154620.0,670.0,0.4352,1522325.4,0.0329,94.94,Q1_tight
BACHO,ARS,2,159900.0,160600.0,700.0,0.4378,1603000.0,4.6133,93.25,Q1_tight
CP40D,USD,2,102.55,103.0,0.45,0.4388,0.0,1.7248,59.3,Q1_tight
PN34D,USD,2,102.35,102.8,0.45,0.4397,0.0,1.2758,59.28,Q1_tight
RUCED,USD,2,101.55,102.0,0.45,0.4431,7743.9,1.3662,91.38,Q1_tight
CACBD,USD,2,101.05,101.5,0.45,0.4453,20490.63,1.9986,92.64,Q1_tight
TLCMC,EXT,2,112.2,112.7,0.5,0.4456,1122.0,5.0815,88.1,Q1_tight
YMCID,USD,1,111.4,111.9,0.5,0.4488,912.09,3.039,88.09,Q1_tight
YMCYO,ARS,2,151520.0,152200.0,680.0,0.4488,30511200.6,2.3135,96.6,Q1_tight
VSCVD,USD,1,110.9,111.4,0.5,0.4509,2238.5,6.9788,89.18,Q1_tight
PN43D,USD,2,110.3,110.8,0.5,0.4533,15510.0,10.5791,91.99,Q1_tight
TLCTC,EXT,1,108.5,109.0,0.5,0.4608,1.09,9.5907,86.23,Q1_tight
MGCOD,USD,1,107.4,107.9,0.5,0.4655,0.0,8.4956,59.13,Q1_tight
PLC2D,USD,2,106.5,107.0,0.5,0.4695,7698.5,3.6112,91.06,Q1_tight
VSCPD,USD,2,106.1,106.6,0.5,0.4713,3754.09,2.8747,90.56,Q1_tight
BACHC,EXT,1,106.0,106.5,0.5,0.4717,0.0,4.6133,59.07,Q1_tight
BACHC,EXT,2,106.0,106.5,0.5,0.4717,0.0,4.6133,59.07,Q1_tight
YMCIO,ARS,1,163160.0,163930.0,770.0,0.4719,2285903.9,3.039,94.77,Q1_tight
YM42O,ARS,1,152280.0,153000.0,720.0,0.4728,22043700.0,2.705,96.02,Q1_tight
YFCJO,ARS,2,158040.0,158790.0,750.0,0.4746,23618300.0,6.3299,96.13,Q1_tight
OLC7D,USD,2,104.75,105.25,0.5,0.4773,629.1,3.6851,88.21,Q1_tight
RUCDD,USD,1,104.7,105.2,0.5,0.4776,1596.27,4.4654,89.5,Q1_tight
ARC1C,EXT,2,104.45,104.95,0.5,0.4787,0.0,5.1198,58.96,Q1_tight
MSSFD,USD,2,103.5,104.0,0.5,0.4831,3884.36,1.0951,90.97,Q1_tight
RUCDO,ARS,1,153060.0,153800.0,740.0,0.4835,734328.0,4.4654,93.48,Q1_tight
PLC4O,ARS,1,158870.0,159640.0,770.0,0.4847,25502500.0,5.9493,94.72,Q1_tight
MTCGO,ARS,1,153730.0,154480.0,750.0,0.4879,240964.4,0.0329,92.92,Q1_tight
RUCDC,EXT,2,101.65,102.15,0.5,0.4919,4160.09,4.4654,90.89,Q1_tight
TLCVD,USD,2,99.51,100.0,0.49,0.4924,0.0,0.9446,58.86,Q1_tight
HJCID,USD,2,101.5,102.0,0.5,0.4926,37245.2,0.9391,92.69,Q1_tight
TLCTD,USD,1,111.55,112.1,0.55,0.4931,10240.65,9.5907,91.09,Q1_tight
MIC4D,USD,2,101.0,101.5,0.5,0.495,5560.0,1.1116,90.34,Q1_tight
DNCAO,ARS,2,156200.0,156980.0,780.0,0.4994,11109850.0,6.8611,95.39,Q1_tight
YM43D,USD,2,100.0,100.5,0.5,0.5,7354.75,3.822,90.91,Q1_tight
VSCXD,USD,1,109.0,109.55,0.55,0.5046,0.0,11.8056,58.76,Q1_tight
VSCRC,EXT,2,107.25,107.8,0.55,0.5128,176.67,5.3114,86.79,Q1_tight
LUC5O,ARS,2,150000.0,150770.0,770.0,0.5133,0.0,2.694,58.73,Q1_tight
NPCDO,ARS,1,147500.0,148260.0,760.0,0.5153,593040.0,3.8658,92.13,Q1_tight
SBC1D,USD,2,73.07,73.45,0.38,0.52,188.77,1.2156,86.77,Q1_tight
YM38D,USD,1,104.85,105.4,0.55,0.5246,0.0,1.0924,58.68,Q1_tight
PQCSD,USD,2,104.8,105.35,0.55,0.5248,6121.77,4.668,91.05,Q1_tight
TTCDC,EXT,2,104.7,105.25,0.55,0.5253,16872.0,4.3778,91.25,Q1_tight
TSC4C,EXT,1,104.3,104.85,0.55,0.5273,0.0,9.4237,58.63,Q1_tight
BACGO,ARS,1,160070.0,160920.0,850.0,0.531,0.0,3.0144,58.61,Q1_tight
YM37D,USD,2,103.3,103.85,0.55,0.5324,14608.22,0.8843,91.52,Q1_tight
AFCHD,USD,2,102.85,103.4,0.55,0.5348,0.0,0.1697,58.58,Q1_tight
XMC1D,USD,2,102.8,103.35,0.55,0.535,35263.38,1.399,91.92,Q1_tight
RC2CD,USD,2,102.25,102.8,0.55,0.5379,0.0,0.3012,58.54,Q1_tight
LUC5D,USD,2,102.25,102.8,0.55,0.5379,981.61,2.694,87.54,Q1_tight
TSC3C,EXT,1,110.0,110.6,0.6,0.5455,0.0,5.0979,58.51,Q1_tight
BACGD,USD,1,109.3,109.9,0.6,0.5489,0.0,3.0144,58.5,Q1_tight
SXC4D,USD,2,99.7,100.25,0.55,0.5517,29910.0,0.2053,90.91,Q1_tight
YMCIC,EXT,2,108.4,109.0,0.6,0.5535,423.12,3.039,87.42,Q1_tight
PN41D,USD,2,108.35,108.95,0.6,0.5538,26912.1,3.1923,92.46,Q1_tight
VSCVO,ARS,1,162150.0,163050.0,900.0,0.555,3248000.0,6.9788,93.31,Q1_tight
YFCJD,USD,1,108.05,108.65,0.6,0.5553,0.0,6.3299,58.41,Q1_tight
LOC5O,ARS,2,156010.0,156890.0,880.0,0.5641,778360.0,1.0979,92.42,Q2
MSSED,USD,2,105.55,106.15,0.6,0.5685,145.59,0.0794,85.87,Q2
PLC5O,ARS,1,158080.0,158980.0,900.0,0.5693,0.0,4.9144,58.36,Q2
TTCAO,ARS,2,163210.0,164140.0,930.0,0.5698,0.0,6.5982,58.35,Q2
TSC3D,USD,1,113.1,113.75,0.65,0.5747,0.0,5.0979,58.33,Q2
HJCHD,USD,2,103.8,104.4,0.6,0.578,4686.0,1.5825,89.03,Q2
RCCRD,USD,1,103.4,104.0,0.6,0.5803,0.0,0.8898,58.3,Q2
TSC3C,EXT,2,110.0,110.65,0.65,0.5909,0.0,5.0979,58.28,Q2
DNC7D,USD,2,109.15,109.8,0.65,0.5955,7577.5,4.3504,90.96,Q2
BACHD,USD,2,108.95,109.6,0.65,0.5966,0.0,4.6133,58.25,Q2
TSC3O,ARS,2,165530.0,166520.0,990.0,0.5981,0.0,5.0979,58.23,Q2
MGCMC,EXT,1,107.5,108.15,0.65,0.6047,0.0,5.2293,58.21,Q2
CS48D,USD,1,107.35,108.0,0.65,0.6055,658.81,2.0643,86.86,Q2
MGCMO,ARS,2,161830.0,162810.0,980.0,0.6056,0.0,5.2293,58.18,Q2
PN43C,EXT,2,107.15,107.8,0.65,0.6066,0.0,10.5791,58.16,Q2
TLCMD,USD,1,115.25,115.95,0.7,0.6074,1160.0,5.0815,87.04,Q2
DNC7C,EXT,2,106.4,107.05,0.65,0.6109,107.15,4.3504,85.57,Q2
IRCOO,ARS,1,156540.0,157500.0,960.0,0.6133,2011220.5,3.3484,94.01,Q2
GN49D,USD,2,105.7,106.35,0.65,0.6149,1074.0,7.4579,86.82,Q2
TSC4O,ARS,2,157180.0,158150.0,970.0,0.6171,22099800.0,9.4237,94.98,Q2
TSC4O,ARS,1,157060.0,158030.0,970.0,0.6176,0.0,9.4237,58.06,Q2
MGCOC,EXT,2,104.55,105.2,0.65,0.6217,0.0,8.4956,58.05,Q2
YM39O,ARS,2,166060.0,167100.0,1040.0,0.6263,17620016.2,4.0931,95.28,Q2
VBC2D,USD,2,102.85,103.5,0.65,0.632,0.0,0.2163,58.01,Q2
CS51D,USD,1,102.75,103.4,0.65,0.6326,0.0,0.5914,58.0,Q2
BACHO,ARS,1,159470.0,160480.0,1010.0,0.6333,0.0,4.6133,57.98,Q2
MGCMD,USD,1,110.5,111.2,0.7,0.6335,0.0,5.2293,57.96,Q2
CICBD,USD,2,102.55,103.2,0.65,0.6338,1026.76,2.6475,87.38,Q2
BYCWD,USD,2,102.05,102.7,0.65,0.6369,36694.0,0.4517,90.52,Q2
OTS5D,USD,2,102.0,102.65,0.65,0.6373,2040.0,0.3477,87.22,Q2
OTS5D,USD,1,102.0,102.65,0.65,0.6373,0.0,0.3477,57.9,Q2
YMCXC,EXT,1,109.55,110.25,0.7,0.639,109.55,5.232,85.34,Q2
YMCJO,ARS,1,156100.0,157100.0,1000.0,0.6406,2262866.6,7.2854,93.67,Q2
MSSEO,ARS,2,154200.0,155190.0,990.0,0.642,288768.0,0.0794,91.42,Q2
YM34C,EXT,1,109.0,109.7,0.7,0.6422,5551.96,7.5838,89.07,Q2
PNXCC,EXT,2,108.85,109.55,0.7,0.6431,0.0,5.8672,57.8,Q2
BACHD,USD,1,108.85,109.55,0.7,0.6431,0.0,4.6133,57.8,Q2
TLCTO,ARS,1,163210.0,164260.0,1050.0,0.6433,574275.2,9.5907,92.58,Q2
PLC5D,USD,1,108.0,108.7,0.7,0.6481,0.0,4.9144,57.76,Q2
VSCVC,EXT,2,107.75,108.45,0.7,0.6497,5422.5,6.9788,89.19,Q2
VSCVC,EXT,1,107.75,108.45,0.7,0.6497,0.0,6.9788,57.74,Q2
MIC6D,USD,2,100.0,100.65,0.65,0.65,3195.67,1.9439,88.29,Q2
MGCMC,EXT,2,107.5,108.2,0.7,0.6512,0.0,5.2293,57.7,Q2
CAC5O,ARS,2,97550.0,98190.0,640.0,0.6561,5805813.2,2.1875,93.42,Q2
VSCXC,EXT,1,105.85,106.55,0.7,0.6613,0.0,11.8056,57.66,Q2
OLC5D,USD,2,104.75,105.45,0.7,0.6683,7397.29,1.9849,89.96,Q2
CS49D,USD,2,104.55,105.25,0.7,0.6695,975.63,1.2074,87.36,Q2
OZC8C,EXT,2,97.0,97.65,0.65,0.6701,0.0,6.9815,57.61,Q2
TTC8D,USD,1,102.3,103.0,0.7,0.6843,3.09,1.3498,85.55,Q2
PNXCC,EXT,1,108.75,109.5,0.75,0.6897,0.0,5.8672,57.57,Q2
MCC2D,USD,2,101.5,102.2,0.7,0.6897,886.2,0.9582,87.33,Q2
PN36O,ARS,2,157700.0,158790.0,1090.0,0.6912,4762858.1,5.4045,93.56,Q2
DNC3O,ARS,1,149450.0,150490.0,1040.0,0.6959,1079445.5,0.4298,92.41,Q2
TLCPC,EXT,1,107.75,108.5,0.75,0.6961,3394.63,6.9432,88.16,Q2
PN43C,EXT,1,107.05,107.8,0.75,0.7006,0.0,10.5791,57.5,Q2
VSCWO,ARS,2,150750.0,151810.0,1060.0,0.7032,0.0,0.7392,57.48,Q2
IRCOO,ARS,2,156540.0,157650.0,1110.0,0.7091,6902722.9,3.3484,94.31,Q2
GN49D,USD,1,105.55,106.3,0.75,0.7106,0.0,7.4579,57.45,Q2
RUCEO,ARS,2,148400.0,149460.0,1060.0,0.7143,151155340.0,1.3662,95.02,Q2
PLC5C,EXT,1,104.95,105.7,0.75,0.7146,0.0,4.9144,57.41,Q2
PN42O,ARS,2,149720.0,150790.0,1070.0,0.7147,1329390.0,0.8296,91.19,Q2
YFCJC,EXT,2,104.9,105.65,0.75,0.715,1056.5,6.3299,86.08,Q2
YFCJC,EXT,1,104.85,105.6,0.75,0.7153,0.0,6.3299,57.36,Q2
PNXCD,USD,2,111.8,112.6,0.8,0.7156,2253.0,5.8672,86.88,Q2
TLCQD,USD,2,104.75,105.5,0.75,0.716,2536.21,1.0376,87.98,Q2
TTCDC,EXT,1,104.7,105.45,0.75,0.7163,0.0,4.3778,57.31,Q2
BYCHC,EXT,2,104.5,105.25,0.75,0.7177,2090.0,2.3135,86.69,Q2
DNCAC,EXT,2,103.35,104.1,0.75,0.7257,0.0,6.8611,57.28,Q2
DNCAC,EXT,1,103.3,104.05,0.75,0.726,0.0,6.8611,57.26,Q2
GN49C,EXT,1,102.6,103.35,0.75,0.731,0.0,7.4579,57.24,Q2
GN49C,EXT,2,102.6,103.35,0.75,0.731,0.0,7.4579,57.24,Q2
YFCMD,USD,2,102.4,103.15,0.75,0.7324,2362.9,0.9199,87.84,Q2
MGCTD,USD,2,101.9,102.65,0.75,0.736,1018.0,2.7871,85.8,Q2
RUCDC,EXT,1,101.6,102.35,0.75,0.7382,0.0,4.4654,57.18,Q2
FYC1D,USD,2,101.5,102.25,0.75,0.7389,0.0,2.8966,57.16,Q2
IRCJO,ARS,2,152000.0,153140.0,1140.0,0.75,390340.4,0.6982,91.44,Q2
YM39D,USD,2,113.3,114.15,0.85,0.7502,8568.27,4.0931,89.88,Q2
OLC7O,ARS,2,153010.0,154160.0,1150.0,0.7516,448312.2,3.6851,91.19,Q2
IRCFO,ARS,2,104700.0,105490.0,790.0,0.7545,1844218.7,2.0123,93.25,Q2
PLC4C,EXT,1,105.15,105.95,0.8,0.7608,0.0,5.9493,57.08,Q2
TSC3O,ARS,1,165420.0,166690.0,1270.0,0.7677,0.0,5.0979,57.06,Q2
OTS6O,ARS,2,150990.0,152150.0,1160.0,0.7683,502095.0,3.1129,90.37,Q2
YFCLO,ARS,2,150890.0,152050.0,1160.0,0.7688,195603.9,2.4285,90.63,Q2
YFCNO,ARS,2,149750.0,150910.0,1160.0,0.7746,60810.0,0.293,90.79,Q2
TLCOD,USD,1,103.2,104.0,0.8,0.7752,0.0,2.4476,57.0,Q2
TLCUD,USD,2,103.0,103.8,0.8,0.7767,8591.54,2.7132,88.62,Q2
MG1RC,EXT,1,102.55,103.35,0.8,0.7801,0.0,11.4086,56.96,Q2
PNXCO,ARS,2,163710.0,164990.0,1280.0,0.7819,9842800.0,5.8672,92.33,Q2
VSCXO,ARS,1,159310.0,160560.0,1250.0,0.7846,0.0,11.8056,56.93,Q2
NPCCD,USD,2,107.85,108.7,0.85,0.7881,680.46,3.1869,85.63,Q2
VSCUD,USD,2,107.7,108.55,0.85,0.7892,454.75,3.718,85.92,Q2
YFCJO,ARS,1,157910.0,159160.0,1250.0,0.7916,0.0,6.3299,56.88,Q2
TSC4D,USD,1,107.0,107.85,0.85,0.7944,1078.0,9.4237,85.64,Q2
MCC3D,USD,1,100.45,101.25,0.8,0.7964,380.0,3.896,84.71,Q2
LOC5D,USD,1,106.65,107.5,0.85,0.797,0.0,1.0979,56.83,Q2
YMCJD,USD,1,106.5,107.35,0.85,0.7981,1507.52,7.2854,85.94,Q2
DNCAD,USD,1,106.15,107.0,0.85,0.8008,0.0,6.8611,56.8,Q2
OZC8D,USD,2,99.65,100.45,0.8,0.8028,10045.0,6.9815,87.74,Q2
HJCKD,USD,2,105.1,105.95,0.85,0.8088,8397.0,2.5818,88.36,Q2
GN49O,ARS,1,154470.0,155750.0,1280.0,0.8286,0.0,7.4579,56.75,Q2
MG1RC,EXT,2,102.55,103.4,0.85,0.8289,0.0,11.4086,56.73,Q2
GN49O,ARS,2,154600.0,155890.0,1290.0,0.8344,4670400.0,7.4579,91.3,Q2
MGCMO,ARS,1,161670.0,163020.0,1350.0,0.835,0.0,5.2293,56.7,Q2
MGCRO,ARS,1,155400.0,156700.0,1300.0,0.8366,15639000.0,11.4086,91.74,Q2
PN43O,ARS,2,161130.0,162480.0,1350.0,0.8378,96618500.0,10.5791,93.91,Q2
HJCGD,USD,2,101.1,101.95,0.85,0.8408,0.0,2.3436,56.65,Q2
PQCSO,ARS,2,153210.0,154500.0,1290.0,0.842,3478751.3,4.668,92.99,Q2
CP37D,USD,2,100.1,100.95,0.85,0.8492,0.0,0.7255,56.61,Q2
PNXCD,USD,1,111.7,112.65,0.95,0.8505,7840.0,5.8672,87.32,Q2
MG1RD,USD,1,105.45,106.35,0.9,0.8535,0.0,11.4086,56.57,Q2
MG1RD,USD,2,105.45,106.35,0.9,0.8535,0.0,11.4086,56.57,Q2
IRCFD,USD,2,71.44,72.05,0.61,0.8539,919.96,2.0123,86.61,Q2
PN43D,USD,1,109.95,110.9,0.95,0.864,0.0,10.5791,56.53,Q2
PLC6D,USD,1,104.1,105.0,0.9,0.8646,506.36,2.6968,85.4,Q2
ZZC1D,USD,2,103.85,104.75,0.9,0.8666,0.0,0.679,56.5,Q2
SNEAO,ARS,2,79200.0,79890.0,690.0,0.8712,19923.1,3.0719,89.13,Q2
TTCDD,USD,1,107.55,108.5,0.95,0.8833,1095.0,4.3778,85.26,Q2
BYCHD,USD,2,107.4,108.35,0.95,0.8845,15044.0,2.3135,89.09,Q2
PNXCO,ARS,1,163590.0,165050.0,1460.0,0.8925,0.0,5.8672,56.43,Q2
MGCRO,ARS,2,155520.0,156920.0,1400.0,0.9002,46825000.0,11.4086,92.84,Q2
VSCRD,USD,1,110.5,111.5,1.0,0.905,52.38,5.3114,85.37,Q2
PN43O,ARS,1,160990.0,162460.0,1470.0,0.9131,0.0,10.5791,56.38,Q2
PN41D,USD,1,108.35,109.35,1.0,0.9229,0.0,3.1923,56.36,Q2
OTS2D,USD,1,102.7,103.65,0.95,0.925,0.0,0.8487,56.35,Q2
TTCDO,ARS,1,157470.0,158930.0,1460.0,0.9272,0.0,4.3778,56.33,Q2
PN41O,ARS,2,158260.0,159730.0,1470.0,0.9289,43331160.7,3.1923,94.11,Q2
FO4AD,USD,2,102.25,103.2,0.95,0.9291,0.0,2.089,56.3,Q2
PNDCO,ARS,2,62300.0,62880.0,580.0,0.931,3733100.0,0.8652,91.23,Q2
GN47D,USD,2,101.75,102.7,0.95,0.9337,659.72,2.3326,85.26,Q2
PN38O,ARS,2,156930.0,158400.0,1470.0,0.9367,7939.0,1.1472,87.8,Q2
PLC2D,USD,1,106.5,107.5,1.0,0.939,0.0,3.6112,56.23,Q2
TLCQO,ARS,2,153230.0,154670.0,1440.0,0.9398,4638.6,1.0376,86.39,Q2
DNCAO,ARS,1,155380.0,156850.0,1470.0,0.9461,0.0,6.8611,56.2,Q2
OT42O,ARS,2,156010.0,157490.0,1480.0,0.9487,13345000.0,3.5838,92.6,Q2
RC5CD,USD,2,100.05,101.0,0.95,0.9495,1005.0,2.924,84.75,Q2
XMC1O,ARS,2,150260.0,151690.0,1430.0,0.9517,0.0,1.399,56.15,Q2
TTC9D,USD,2,105.0,106.0,1.0,0.9524,0.0,3.3511,56.13,Q2
YM43O,ARS,2,146500.0,147900.0,1400.0,0.9556,13633719.6,3.822,93.05,Q2
VBC1O,ARS,2,150560.0,152000.0,1440.0,0.9564,0.0,0.7283,56.1,Q2
MCC1D,USD,2,104.0,105.0,1.0,0.9615,4149.0,2.7269,86.94,Q2
ZPC3D,USD,2,103.75,104.75,1.0,0.9639,0.0,1.2101,56.05,Q2
ZPC3D,USD,1,103.75,104.75,1.0,0.9639,0.0,1.2101,56.05,Q2
C138C,EXT,2,103.45,104.45,1.0,0.9667,0.0,4.4463,56.03,Q2
C138C,EXT,1,103.4,104.4,1.0,0.9671,0.0,4.4463,56.01,Q2
OTS3D,USD,2,103.0,104.0,1.0,0.9709,0.0,2.3737,56.0,Q2
TTC8D,USD,2,102.3,103.3,1.0,0.9775,10337.16,1.3498,88.05,Q2
CICBD,USD,1,102.25,103.25,1.0,0.978,0.0,2.6475,55.96,Q2
BYCHO,ARS,2,157250.0,158790.0,1540.0,0.9793,131962800.0,2.3135,93.46,Q2
DEC2O,ARS,2,149010.0,150470.0,1460.0,0.9798,0.0,0.6872,55.93,Q2
LUC5D,USD,1,102.0,103.0,1.0,0.9804,0.0,2.694,55.91,Q2
PFC3D,USD,2,99.92,100.9,0.98,0.9808,0.0,3.3922,55.9,Q2
MCC1O,ARS,2,152000.0,153500.0,1500.0,0.9868,0.0,2.7269,55.88,Q2
VSCPD,USD,1,106.1,107.15,1.05,0.9896,0.0,2.8747,55.86,Q2
RUCED,USD,1,101.0,102.0,1.0,0.9901,0.0,1.3662,55.85,Q2
HJCJD,USD,2,105.95,107.0,1.05,0.991,0.0,1.1006,55.83,Q2
MG1RO,ARS,1,154250.0,155780.0,1530.0,0.9919,0.0,11.4086,55.81,Q2
YFCOD,USD,2,105.85,106.9,1.05,0.992,0.0,2.4942,55.8,Q2
PN34C,EXT,2,99.26,100.25,0.99,0.9974,0.0,1.2758,55.78,Q2
EAC3O,ARS,2,153350.0,154890.0,1540.0,1.0042,0.0,2.5079,55.76,Q2
CICBO,ARS,2,149780.0,151290.0,1510.0,1.0081,1511.8,2.6475,84.9,Q2
CAC5D,USD,2,66.8,67.48,0.68,1.018,463.59,2.1875,83.74,Q2
BYCVD,USD,2,103.1,104.15,1.05,1.0184,0.0,0.2026,55.71,Q2
PN34O,ARS,2,149620.0,151150.0,1530.0,1.0226,0.0,1.2758,55.7,Q2
MG1RO,ARS,2,154340.0,155920.0,1580.0,1.0237,0.0,11.4086,55.68,Q2
DNC3D,USD,1,101.9,102.95,1.05,1.0304,1264.79,0.4298,85.76,Q2
OZC8C,EXT,1,96.69,97.69,1.0,1.0342,0.0,6.9815,55.65,Q2
CS50D,USD,1,106.1,107.2,1.1,1.0368,1074.14,2.7269,84.87,Q2
YFCMO,ARS,2,149790.0,151350.0,1560.0,1.0415,0.0,0.9199,55.61,Q2
VSCUO,ARS,2,157500.0,159150.0,1650.0,1.0476,699781.1,3.718,90.12,Q2
CS52D,USD,2,98.56,99.6,1.04,1.0552,0.0,1.8672,55.58,Q2
PNDCD,USD,2,42.53,42.98,0.45,1.0581,0.0,0.8652,55.56,Q2
CS44D,USD,1,103.15,104.25,1.1,1.0664,0.0,0.5832,55.55,Q2
CICBO,ARS,1,149580.0,151180.0,1600.0,1.0697,0.0,2.6475,55.53,Q2
LUC5O,ARS,1,149210.0,150820.0,1610.0,1.079,0.0,2.694,55.51,Q2
PNDCC,EXT,2,41.4,41.847,0.447,1.0797,0.0,0.8652,55.5,Q2
C138D,USD,1,106.25,107.4,1.15,1.0824,0.0,4.4463,55.48,Q2
MGCRD,USD,1,106.2,107.35,1.15,1.0829,0.0,11.4086,55.46,Q2
YFCKD,USD,2,101.3,102.4,1.1,1.0859,11.15,0.4271,83.74,Q2
GYC4D,USD,2,101.05,102.15,1.1,1.0886,9432.15,1.3662,87.92,Q2
SBC3D,USD,2,100.8,101.9,1.1,1.0913,0.0,2.9377,55.41,Q2
ZPC3O,ARS,2,151800.0,153480.0,1680.0,1.1067,0.0,1.2101,55.4,Q2
ZZC1O,ARS,2,152100.0,153790.0,1690.0,1.1111,4222580.0,0.679,90.95,Q2
ZPC3O,ARS,1,151670.0,153380.0,1710.0,1.1274,0.0,1.2101,55.36,Q2
OT42D,USD,2,106.4,107.6,1.2,1.1278,4661.7,3.5838,87.26,Q2
C138D,USD,2,106.25,107.45,1.2,1.1294,0.0,4.4463,55.33,Q2
RUCEO,ARS,1,147680.0,149350.0,1670.0,1.1308,0.0,1.3662,55.31,Q2
OLC6D,USD,2,104.6,105.8,1.2,1.1472,755.13,2.9651,84.03,Q2
YM41O,ARS,2,149100.0,150830.0,1730.0,1.1603,11971224.8,0.5585,92.42,Q2
VSCOD,USD,2,107.1,108.35,1.25,1.1671,0.0,0.7146,55.26,Q2
DNC7O,ARS,2,159030.0,160890.0,1860.0,1.1696,9501390.0,4.3504,92.14,Q2
C138O,ARS,2,155670.0,157510.0,1840.0,1.182,2838960.0,4.4463,89.5,Q2
C138O,ARS,1,155520.0,157360.0,1840.0,1.1831,0.0,4.4463,55.21,Q2
OZC8D,USD,1,99.32,100.5,1.18,1.1881,0.0,6.9815,55.2,Q2
STCFD,USD,2,100.0,101.2,1.2,1.2,0.0,0.6708,55.18,Q2
CLSIO,ARS,2,58300.0,59000.0,700.0,1.2007,744720.0,1.1034,88.67,Q2
YM38O,ARS,1,153550.0,155400.0,1850.0,1.2048,0.0,1.0924,55.15,Q2
ZZC1D,USD,1,103.5,104.75,1.25,1.2077,0.0,0.679,55.13,Q2
IRCND,USD,2,103.0,104.25,1.25,1.2136,103.0,1.347,82.53,Q2
YM40O,ARS,2,152800.0,154670.0,1870.0,1.2238,237978.6,2.1958,89.08,Q3
MGCTD,USD,1,101.75,103.0,1.25,1.2285,0.0,2.7871,55.08,Q3
CS53D,USD,2,100.75,102.0,1.25,1.2407,0.0,3.8658,55.06,Q3
OZC8O,ARS,2,145550.0,147370.0,1820.0,1.2504,0.0,6.9815,55.05,Q3
OZC8O,ARS,1,145410.0,147230.0,1820.0,1.2516,0.0,6.9815,55.03,Q3
LMS7D,USD,2,87.6,88.7,1.1,1.2557,2182.67,2.319,86.22,Q3
CS47D,USD,1,102.85,104.15,1.3,1.264,0.0,2.412,55.0,Q3
PN34D,USD,1,102.35,103.65,1.3,1.2702,0.0,1.2758,54.98,Q3
LDCGO,ARS,2,145610.0,147470.0,1860.0,1.2774,1761912.0,1.295,89.77,Q3
VSCRO,ARS,1,161910.0,163980.0,2070.0,1.2785,62913.4,5.3114,89.11,Q3
PLC2O,ARS,2,155010.0,157010.0,2000.0,1.2902,3166386.7,3.6112,90.8,Q3
YM43D,USD,1,100.0,101.3,1.3,1.3,0.0,3.822,54.91,Q3
TTCBD,USD,2,103.8,105.15,1.35,1.3006,11235.56,1.3279,87.54,Q3
LOC6D,USD,2,103.8,105.15,1.35,1.3006,2078.0,2.601,85.32,Q3
HJCLO,ARS,2,147250.0,149200.0,1950.0,1.3243,0.0,2.4695,54.86,Q3
YM40D,USD,1,105.0,106.4,1.4,1.3333,2059.05,2.1958,85.46,Q3
MGCTO,ARS,2,148950.0,150950.0,2000.0,1.3427,0.0,2.7871,54.83,Q3
T641D,USD,2,103.05,104.45,1.4,1.3586,1236.38,0.8652,84.29,Q3
IRCQO,ARS,2,147000.0,149000.0,2000.0,1.3605,0.0,0.9719,54.8,Q3
PN37D,USD,2,102.65,104.05,1.4,1.3639,1548.12,2.4066,83.98,Q3
CACDD,USD,2,102.55,103.95,1.4,1.3652,0.0,2.9624,54.76,Q3
AFCMD,USD,2,99.14,100.5,1.36,1.3718,0.0,0.8296,54.75,Q3
PFC2D,USD,2,105.45,106.9,1.45,1.3751,0.0,1.0705,54.73,Q3
YM42D,USD,1,103.9,105.35,1.45,1.3956,13244.77,2.705,87.51,Q3
TTCEO,ARS,2,146880.0,148950.0,2070.0,1.4093,13198.5,2.924,86.41,Q3
PN42D,USD,1,102.05,103.5,1.45,1.4209,0.0,0.8296,54.68,Q3
LOC6O,ARS,2,152100.0,154270.0,2170.0,1.4267,3336915.6,2.601,91.0,Q3
PQCSD,USD,1,104.8,106.3,1.5,1.4313,0.0,4.668,54.65,Q3
BYCVO,ARS,2,150530.0,152700.0,2170.0,1.4416,0.0,0.2026,54.63,Q3
SBC2D,USD,1,104.0,105.5,1.5,1.4423,0.0,2.5818,54.61,Q3
IRCJD,USD,2,103.5,105.0,1.5,1.4493,201.69,0.6982,82.25,Q3
MGCQD,USD,1,106.45,108.0,1.55,1.4561,98.28,2.1355,81.92,Q3
BF37D,USD,2,102.65,104.15,1.5,1.4613,0.0,0.178,54.55,Q3
LMS8C,EXT,2,102.65,104.15,1.5,1.4613,2.08,0.7556,81.68,Q3
CIC9D,USD,2,101.5,103.0,1.5,1.4778,0.0,0.9227,54.53,Q3
YFCKD,USD,1,101.3,102.8,1.5,1.4808,0.0,0.4271,54.51,Q3
HJCLD,USD,2,100.85,102.35,1.5,1.4874,0.0,2.4695,54.5,Q3
PQCSO,ARS,1,153210.0,155490.0,2280.0,1.4882,1539.2,4.668,83.66,Q3
TLCMO,ARS,1,168760.0,171280.0,2520.0,1.4932,5138700.0,5.0815,89.58,Q3
BGC4D,USD,2,100.0,101.5,1.5,1.5,0.0,0.4052,54.45,Q3
YMCYD,USD,1,103.1,104.65,1.55,1.5034,0.0,2.3135,54.43,Q3
CS44O,ARS,2,150020.0,152280.0,2260.0,1.5065,549900.0,0.5832,88.58,Q3
TLCUO,ARS,2,150710.0,152990.0,2280.0,1.5128,87086.5,2.7132,87.71,Q3
TLCWO,ARS,2,146400.0,148650.0,2250.0,1.5369,1501819.2,3.9452,88.69,Q3
CS50O,ARS,2,155110.0,157500.0,2390.0,1.5408,3189.4,2.7269,84.11,Q3
OZC3O,ARS,1,147130.0,149400.0,2270.0,1.5429,448170.0,1.4483,87.6,Q3
SIC1D,USD,2,100.15,101.7,1.55,1.5477,0.0,0.4764,54.33,Q3
YM37D,USD,1,102.4,104.0,1.6,1.5625,0.0,0.8843,54.31,Q3
VSCTO,ARS,2,157560.0,160030.0,2470.0,1.5677,0.0,9.4784,54.3,Q3
PLC6O,ARS,2,152500.0,154900.0,2400.0,1.5738,195972.6,2.6968,88.51,Q3
VSCOO,ARS,2,156460.0,158930.0,2470.0,1.5787,0.0,0.7146,54.26,Q3
LMS7O,ARS,2,128020.0,130050.0,2030.0,1.5857,2333652.2,2.319,89.86,Q3
IRCFO,ARS,1,104430.0,106100.0,1670.0,1.5992,22301.4,2.0123,86.42,Q3
PQCRD,USD,2,99.21,100.8,1.59,1.6027,0.0,2.3463,54.21,Q3
TTCEO,ARS,1,146880.0,149240.0,2360.0,1.6068,0.0,2.924,54.2,Q3
DNC7D,USD,1,108.25,110.0,1.75,1.6166,1623.45,4.3504,83.94,Q3
MGCQO,ARS,1,157440.0,160000.0,2560.0,1.626,19180.0,2.1355,86.21,Q3
OZC3D,USD,1,100.4,102.05,1.65,1.6434,351.23,1.4483,81.97,Q3
OTS6D,USD,1,103.3,105.0,1.7,1.6457,0.0,3.1129,54.13,Q3
YFCGD,USD,2,102.3,104.0,1.7,1.6618,1676.94,0.6954,84.68,Q3
MIC6O,ARS,2,145200.0,147620.0,2420.0,1.6667,4658880.0,1.9439,89.14,Q3
PZCGO,ARS,2,148000.0,150480.0,2480.0,1.6757,0.0,1.963,54.08,Q3
HJCIO,ARS,2,148250.0,150790.0,2540.0,1.7133,20813720.0,0.9391,90.33,Q3
OTS5O,ARS,1,148700.0,151250.0,2550.0,1.7149,0.0,0.3477,54.05,Q3
MIC3D,USD,2,101.65,103.4,1.75,1.7216,0.0,0.3997,54.03,Q3
PLC1D,USD,2,101.25,103.0,1.75,1.7284,0.0,1.6099,54.01,Q3
CIC7O,ARS,2,144500.0,147000.0,2500.0,1.7301,0.0,0.4025,54.0,Q3
PN41O,ARS,1,158260.0,161000.0,2740.0,1.7313,287190.0,3.1923,87.53,Q3
PN37O,ARS,2,150170.0,152780.0,2610.0,1.738,0.0,2.4066,53.96,Q3
JNC6D,USD,2,103.2,105.0,1.8,1.7442,0.0,1.2923,53.95,Q3
YFCID,USD,2,102.35,104.15,1.8,1.7587,0.0,0.9856,53.93,Q3
HBCAD,USD,2,102.0,103.8,1.8,1.7647,0.0,0.178,53.91,Q3
RC2CO,ARS,2,149360.0,152000.0,2640.0,1.7675,0.0,0.3012,53.9,Q3
YM35D,USD,1,101.6,103.4,1.8,1.7717,0.0,0.6954,53.88,Q3
AFCIO,ARS,2,148330.0,151000.0,2670.0,1.8,0.0,0.3888,53.86,Q3
IRCJO,ARS,1,150790.0,153550.0,2760.0,1.8304,0.0,0.6982,53.85,Q3
CS50O,ARS,1,155110.0,157950.0,2840.0,1.831,1582658.8,2.7269,88.21,Q3
LMS8O,ARS,2,153680.0,156500.0,2820.0,1.835,0.0,0.7556,53.81,Q3
DNC5D,USD,1,108.8,110.8,2.0,1.8382,908.25,2.1328,82.65,Q3
T662D,USD,2,100.4,102.25,1.85,1.8426,100.35,0.2026,81.17,Q3
CS49O,ARS,2,153020.0,155840.0,2820.0,1.8429,1965279.0,1.2074,88.33,Q3
BF37O,ARS,2,149900.0,152690.0,2790.0,1.8612,0.0,0.178,53.75,Q3
HJCGO,ARS,2,147250.0,150000.0,2750.0,1.8676,0.0,2.3436,53.73,Q3
RC1CD,USD,1,109.3,111.35,2.05,1.8756,2192.0,7.1184,83.18,Q3
GN43D,USD,2,101.1,103.0,1.9,1.8793,0.0,0.7201,53.7,Q3
DNC5O,ARS,1,159010.0,162000.0,2990.0,1.8804,40747.5,2.1328,86.37,Q3
LMS7C,EXT,2,84.95,86.55,1.6,1.8835,0.0,2.319,53.66,Q3
LOC5O,ARS,1,156050.0,158990.0,2940.0,1.884,0.0,1.0979,53.65,Q3
TTC9D,USD,1,105.0,107.0,2.0,1.9048,0.0,3.3511,53.63,Q3
PQCRO,ARS,2,144930.0,147700.0,2770.0,1.9113,0.0,2.3463,53.61,Q3
CS52O,ARS,2,143980.0,146750.0,2770.0,1.9239,0.0,1.8672,53.6,Q3
PLC1O,ARS,2,148160.0,151020.0,2860.0,1.9303,240864.0,1.6099,86.52,Q3
BF45D,USD,2,98.1,100.0,1.9,1.9368,0.0,0.8871,53.56,Q3
AERBD,USD,2,103.0,105.0,2.0,1.9417,9.25,0.4928,80.75,Q3
HJCFD,USD,2,100.0,101.95,1.95,1.95,0.0,0.3422,53.53,Q3
LMS8D,USD,2,105.1,107.15,2.05,1.9505,0.0,0.7556,53.51,Q3
YFCOO,ARS,2,154470.0,157500.0,3030.0,1.9615,24656.0,2.4942,85.32,Q3
MSSGD,USD,2,101.3,103.3,2.0,1.9743,0.0,2.8282,53.48,Q3
LOC6D,USD,1,103.8,105.85,2.05,1.975,456.13,2.601,82.86,Q3
YFCLD,USD,2,103.3,105.35,2.05,1.9845,0.0,2.4285,53.45,Q3
SBC2O,ARS,2,151880.0,154900.0,3020.0,1.9884,0.0,2.5818,53.43,Q3
NPCCD,USD,1,107.85,110.0,2.15,1.9935,0.0,3.1869,53.41,Q3
T641O,ARS,2,150490.0,153500.0,3010.0,2.0001,0.0,0.8652,53.4,Q3
CIC7D,USD,2,99.5,101.5,2.0,2.0101,999.98,0.4025,81.94,Q3
T662O,ARS,2,147100.0,150090.0,2990.0,2.0326,0.0,0.2026,53.36,Q3
OZC3C,EXT,2,98.0,100.0,2.0,2.0408,0.0,1.4483,53.35,Q3
VSCPO,ARS,1,155300.0,158490.0,3190.0,2.0541,0.0,2.8747,53.33,Q3
PECNO,ARS,2,99750.0,101800.0,2050.0,2.0551,1220045.4,6.1875,88.05,Q3
EAC3D,USD,2,103.3,105.45,2.15,2.0813,210.8,2.5079,80.97,Q3
CICAD,USD,1,101.05,103.2,2.15,2.1277,0.0,1.9603,53.28,Q3
AERBO,ARS,2,150690.0,153900.0,3210.0,2.1302,234874.0,0.4928,87.8,Q3
OLC5D,USD,1,104.75,107.0,2.25,2.148,8740.16,1.9849,85.79,Q3
TTC8O,ARS,1,149530.0,152750.0,3220.0,2.1534,0.0,1.3498,53.23,Q3
TTCBO,ARS,2,152120.0,155400.0,3280.0,2.1562,94794.0,1.3279,85.77,Q3
OLC5O,ARS,2,153170.0,156480.0,3310.0,2.161,28758696.2,1.9849,89.98,Q3
PN35D,USD,1,105.3,107.6,2.3,2.1842,0.0,3.2772,53.18,Q3
ARC1O,ARS,1,156950.0,160390.0,3440.0,2.1918,0.0,5.1198,53.16,Q3
PECND,USD,2,68.3,69.8,1.5,2.1962,364.53,6.1875,81.48,Q3
PN35O,ARS,1,155480.0,158900.0,3420.0,2.1996,0.0,3.2772,53.13,Q3
YM39D,USD,1,113.0,115.5,2.5,2.2124,0.0,4.0931,53.11,Q3
DNC7O,ARS,1,158940.0,162490.0,3550.0,2.2335,0.0,4.3504,53.1,Q3
YFCKO,ARS,1,148180.0,151500.0,3320.0,2.2405,0.0,0.4271,53.08,Q3
YM37O,ARS,1,151480.0,154890.0,3410.0,2.2511,3126263.4,0.8843,88.63,Q3
CACBO,ARS,2,146540.0,149840.0,3300.0,2.2519,253216.0,1.9986,86.83,Q3
BYCHD,USD,1,107.0,109.45,2.45,2.2897,0.0,2.3135,53.03,Q3
TLCOO,ARS,1,150710.0,154200.0,3490.0,2.3157,0.0,2.4476,53.01,Q3
TTC8O,ARS,2,149530.0,153000.0,3470.0,2.3206,145290.0,1.3498,87.22,Q3
CP40O,ARS,2,149850.0,153330.0,3480.0,2.3223,0.0,1.7248,52.98,Q3
CS49D,USD,1,104.55,107.0,2.45,2.3434,0.0,1.2074,52.96,Q3
MSSED,USD,1,104.5,106.95,2.45,2.3445,0.0,0.0794,52.95,Q3
PLC2O,ARS,1,155010.0,158660.0,3650.0,2.3547,0.0,3.6112,52.93,Q3
TLCVO,ARS,2,145280.0,148720.0,3440.0,2.3678,14872.0,0.9446,84.23,Q3
TLCUD,USD,1,103.0,105.45,2.45,2.3786,0.0,2.7132,52.9,Q3
SBC2D,USD,2,104.0,106.5,2.5,2.4038,2600.0,2.5818,82.51,Q3
OTS6O,ARS,1,150990.0,154620.0,3630.0,2.4041,0.0,3.1129,52.86,Q3
YMCWO,ARS,2,144000.0,147490.0,3490.0,2.4236,0.0,0.0356,52.85,Q3
HJCFO,ARS,2,147000.0,150580.0,3580.0,2.4354,0.0,0.3422,52.83,Q3
TLCVD,USD,1,99.5,101.95,2.45,2.4623,0.0,0.9446,52.81,Q3
AFCID,USD,2,101.35,103.85,2.5,2.4667,1115.4,0.3888,81.62,Q3
BYCXO,ARS,2,149810.0,153540.0,3730.0,2.4898,0.0,0.5339,52.78,Q3
MCC2O,ARS,2,148090.0,151800.0,3710.0,2.5052,1983750.2,0.9582,88.14,Q3
MIC4D,USD,1,99.7,102.2,2.5,2.5075,0.0,1.1116,52.75,Q3
YFCIO,ARS,2,149140.0,152880.0,3740.0,2.5077,0.0,0.9856,52.73,Q3
MGCED,USD,2,95.5,97.9,2.4,2.5131,163.5,1.5031,80.71,Q3
OTS2O,ARS,2,148710.0,152460.0,3750.0,2.5217,504572.7,0.8487,86.53,Q3
MSSEO,ARS,1,154000.0,157890.0,3890.0,2.526,0.0,0.0794,52.68,Q3
MGCTO,ARS,1,148730.0,152500.0,3770.0,2.5348,0.0,2.7871,52.66,Q3
CS48O,ARS,1,156810.0,160790.0,3980.0,2.5381,0.0,2.0643,52.65,Q3
LOC6O,ARS,1,152100.0,155980.0,3880.0,2.551,0.0,2.601,52.63,Q3
VSCTD,USD,1,107.65,110.4,2.75,2.5546,0.0,9.4784,52.61,Q3
T672O,ARS,2,146710.0,150500.0,3790.0,2.5833,0.0,0.6817,52.6,Q3
CS52D,USD,1,97.72,100.25,2.53,2.589,0.0,1.8672,52.58,Q3
YFCGO,ARS,2,148150.0,152000.0,3850.0,2.5987,494566.2,0.6954,86.92,Q3
OTS5O,ARS,2,148700.0,152570.0,3870.0,2.6026,0.0,0.3477,52.55,Q3
GYC5O,ARS,2,145700.0,149500.0,3800.0,2.6081,0.0,1.2156,52.53,Q3
YM39O,ARS,1,164670.0,168980.0,4310.0,2.6174,184536.3,4.0931,86.09,Q3
PLC3D,USD,1,106.6,109.4,2.8,2.6266,0.0,1.8672,52.5,Q3
SBC3O,ARS,2,147120.0,151000.0,3880.0,2.6373,0.0,2.9377,52.48,Q3
YFCOD,USD,1,104.15,106.9,2.75,2.6404,0.0,2.4942,52.46,Q3
YMCJC,EXT,2,103.75,106.5,2.75,2.6506,98.84,7.2854,80.61,Q3
ZZC1O,ARS,1,150010.0,154000.0,3990.0,2.6598,0.0,0.679,52.43,Q3
MGCOO,ARS,1,156770.0,160940.0,4170.0,2.6599,0.0,8.4956,52.41,Q3
RC5CO,ARS,2,146090.0,150000.0,3910.0,2.6764,0.0,2.924,52.4,Q3
OTS2O,ARS,1,148710.0,152700.0,3990.0,2.6831,0.0,0.8487,52.38,Q3
PLC3O,ARS,2,155710.0,159890.0,4180.0,2.6845,985297.8,1.8672,86.75,Q3
MIC6D,USD,1,98.1,100.75,2.65,2.7013,0.0,1.9439,52.35,Q3
RVS1O,ARS,2,49.95,51.3,1.35,2.7027,478.54,0.6954,81.16,Q3
HJCHO,ARS,2,149870.0,153930.0,4060.0,2.709,0.0,1.5825,52.31,Q3
CS45D,USD,2,103.0,105.8,2.8,2.7184,938.33,0.178,80.74,Q3
DEC2D,USD,1,100.95,103.7,2.75,2.7241,0.0,0.6872,52.28,Q3
GN47O,ARS,2,147770.0,151810.0,4040.0,2.734,151805.0,2.3326,85.48,Q3
CP38O,ARS,2,154400.0,158640.0,4240.0,2.7461,18022220.0,4.4463,89.03,Q3
RC1CO,ARS,1,159600.0,164000.0,4400.0,2.7569,3191600.0,7.1184,86.6,Q3
CLSID,USD,2,39.8,40.9,1.1,2.7638,1.23,1.1034,79.32,Q3
PFC2O,ARS,2,154060.0,158390.0,4330.0,2.8106,0.0,1.0705,52.2,Q3
PFC3O,ARS,2,145890.0,150000.0,4110.0,2.8172,0.0,3.3922,52.18,Q3
SNEBO,ARS,2,95010.0,97700.0,2690.0,2.8313,51196.6,3.0719,86.01,Q3
CS53O,ARS,2,147700.0,151900.0,4200.0,2.8436,0.0,3.8658,52.15,Q3
JNC5D,USD,2,101.1,104.0,2.9,2.8684,0.0,0.3094,52.13,Q3
PNDCD,USD,1,41.8,43.0,1.2,2.8708,0.0,0.8652,52.1,Q3
YMCZD,USD,2,104.5,107.5,3.0,2.8708,844.96,2.3135,81.81,Q3
HJCKO,ARS,2,153460.0,157900.0,4440.0,2.8933,0.0,2.5818,52.08,Q3
VSCPC,EXT,2,103.0,106.0,3.0,2.9126,0.0,2.8747,52.06,Q3
YFCKO,ARS,2,148180.0,152500.0,4320.0,2.9154,8891.1,0.4271,83.76,Q3
PN34O,ARS,1,149620.0,154000.0,4380.0,2.9274,0.0,1.2758,52.03,Q3
OLC5O,ARS,1,153170.0,157660.0,4490.0,2.9314,30200010.3,1.9849,89.12,Q3
CS48C,EXT,2,103.95,107.0,3.05,2.9341,169.85,2.0643,79.53,Q3
YFCOO,ARS,1,153000.0,157510.0,4510.0,2.9477,0.0,2.4942,51.98,Q3
YFCND,USD,1,101.0,104.0,3.0,2.9703,0.0,0.293,51.96,Q3
HBCDD,USD,2,100.5,103.5,3.0,2.9851,0.0,0.4244,51.95,Q3
T641O,ARS,1,149520.0,154000.0,4480.0,2.9963,0.0,0.8652,51.93,Q3
SXC1O,ARS,2,103.25,106.35,3.1,3.0024,1230.22,0.0821,81.34,Q3
TLCQD,USD,1,104.75,107.9,3.15,3.0072,0.0,1.0376,51.9,Q3
SNEBD,USD,2,64.51,66.45,1.94,3.0073,0.0,3.0719,51.88,Q3
EAC3D,USD,1,102.5,105.6,3.1,3.0244,200.2,2.5079,79.98,Q3
GN47O,ARS,1,146090.0,150530.0,4440.0,3.0392,0.0,2.3326,51.85,Q3
SBC1O,ARS,2,106540.0,109800.0,3260.0,3.0599,267426.0,1.2156,85.66,Q3
SBC1O,ARS,1,106540.0,109800.0,3260.0,3.0599,85672.0,1.2156,85.37,Q3
TLCUO,ARS,1,150710.0,155340.0,4630.0,3.0721,15040.0,2.7132,84.55,Q4_wide
YCAMD,USD,2,105.75,109.0,3.25,3.0733,10680.0,1.0897,82.84,Q4_wide
TTC9O,ARS,2,153150.0,157880.0,4730.0,3.0885,1665768.0,3.3511,86.79,Q4_wide
MGCRC,EXT,2,103.3,106.5,3.2,3.0978,0.0,11.4086,51.75,Q4_wide
YM41D,USD,1,101.65,104.8,3.15,3.0989,0.0,0.5585,51.73,Q4_wide
YM43O,ARS,1,144510.0,149000.0,4490.0,3.1071,0.0,3.822,51.71,Q4_wide
ARC1D,USD,1,107.1,110.45,3.35,3.1279,0.0,5.1198,51.7,Q4_wide
VBC2O,ARS,2,150280.0,155000.0,4720.0,3.1408,0.0,0.2163,51.68,Q4_wide
CWC6D,USD,2,95.0,98.0,3.0,3.1579,266.0,1.3662,79.9,Q4_wide
BYCWO,ARS,2,146130.0,150750.0,4620.0,3.1616,0.0,0.4517,51.65,Q4_wide
EMC1O,ARS,2,154610.0,159500.0,4890.0,3.1628,371346.5,1.0431,84.78,Q4_wide
TTC9O,ARS,1,153150.0,158000.0,4850.0,3.1668,0.0,3.3511,51.61,Q4_wide
YFCGD,USD,1,100.8,104.0,3.2,3.1746,0.0,0.6954,51.6,Q4_wide
NPCCO,ARS,2,157700.0,162720.0,5020.0,3.1833,670450.4,3.1869,86.08,Q4_wide
IRCFD,USD,1,70.23,72.49,2.26,3.218,0.0,2.0123,51.56,Q4_wide
YMCZO,ARS,2,152630.0,157610.0,4980.0,3.2628,882705.8,2.3135,85.9,Q4_wide
PUC2D,USD,2,100.7,104.0,3.3,3.2771,0.0,1.1937,51.53,Q4_wide
CS44O,ARS,1,150020.0,154940.0,4920.0,3.2796,0.0,0.5832,51.51,Q4_wide
CAC5D,USD,1,66.8,69.0,2.2,3.2934,3152.35,2.1875,81.22,Q4_wide
OT41D,USD,2,102.5,105.95,3.45,3.3659,0.0,1.5825,51.48,Q4_wide
OT42D,USD,1,106.4,110.0,3.6,3.3835,0.0,3.5838,51.46,Q4_wide
CICAO,ARS,1,147010.0,151990.0,4980.0,3.3875,0.0,1.9603,51.45,Q4_wide
PLC3O,ARS,1,155710.0,161000.0,5290.0,3.3973,0.0,1.8672,51.43,Q4_wide
EAC4D,USD,1,100.0,103.45,3.45,3.45,0.0,9.9959,51.41,Q4_wide
T641D,USD,1,101.0,104.5,3.5,3.4653,0.0,0.8652,51.4,Q4_wide
VSCUD,USD,1,105.2,108.85,3.65,3.4696,0.0,3.718,51.38,Q4_wide
VSCQO,ARS,2,134300.0,138990.0,4690.0,3.4922,0.0,2.0561,51.36,Q4_wide
CS52O,ARS,1,141790.0,146790.0,5000.0,3.5263,0.0,1.8672,51.35,Q4_wide
GYC4O,ARS,2,146820.0,152000.0,5180.0,3.5281,0.0,1.3662,51.33,Q4_wide
YM41O,ARS,1,149130.0,154420.0,5290.0,3.5472,0.0,0.5585,51.31,Q4_wide
PZCGD,USD,2,98.5,102.0,3.5,3.5533,5331.43,1.963,83.19,Q4_wide
JNC6O,ARS,2,150600.0,156000.0,5400.0,3.5857,0.0,1.2923,51.28,Q4_wide
YM40O,ARS,1,150560.0,156000.0,5440.0,3.6132,0.0,2.1958,51.26,Q4_wide
BYCHO,ARS,1,155790.0,161440.0,5650.0,3.6267,0.0,2.3135,51.25,Q4_wide
GN47D,USD,1,100.55,104.2,3.65,3.63,2619.74,2.3326,81.68,Q4_wide
YM35O,ARS,1,149000.0,154450.0,5450.0,3.6577,0.0,0.6954,51.21,Q4_wide
LDCGO,ARS,1,143720.0,149000.0,5280.0,3.6738,0.0,1.295,51.2,Q4_wide
SXC4O,ARS,2,145640.0,151000.0,5360.0,3.6803,0.0,0.2053,51.18,Q4_wide
IRCNO,ARS,2,150430.0,155990.0,5560.0,3.6961,150580.0,1.347,83.86,Q4_wide
PECMO,ARS,2,81000.0,84000.0,3000.0,3.7037,1805124.8,6.1875,85.97,Q4_wide
YM39C,EXT,2,108.0,112.0,4.0,3.7037,0.0,4.0931,51.14,Q4_wide
MIC6O,ARS,1,142190.0,147520.0,5330.0,3.7485,0.0,1.9439,51.11,Q4_wide
PN37D,USD,1,102.65,106.5,3.85,3.7506,0.0,2.4066,51.1,Q4_wide
FO4AO,ARS,2,149370.0,155000.0,5630.0,3.7692,0.0,2.089,51.08,Q4_wide
HBCDO,ARS,2,146200.0,151750.0,5550.0,3.7962,0.0,0.4244,51.06,Q4_wide
EAC4O,ARS,1,146000.0,151550.0,5550.0,3.8014,0.0,9.9959,51.05,Q4_wide
OT41O,ARS,2,148800.0,154500.0,5700.0,3.8306,0.0,1.5825,51.03,Q4_wide
TLCQO,ARS,1,153130.0,159000.0,5870.0,3.8333,0.0,1.0376,51.01,Q4_wide
MGCND,USD,1,102.55,106.5,3.95,3.8518,0.0,2.2971,51.0,Q4_wide
OLC6O,ARS,2,152920.0,158820.0,5900.0,3.8582,0.0,2.9651,50.98,Q4_wide
BF39D,USD,2,101.05,104.95,3.9,3.8595,0.0,0.4654,50.96,Q4_wide
MGCNO,ARS,1,148260.0,154000.0,5740.0,3.8716,0.0,2.2971,50.95,Q4_wide
OT42O,ARS,1,156010.0,162060.0,6050.0,3.878,0.0,3.5838,50.93,Q4_wide
PLC2C,EXT,2,102.0,106.0,4.0,3.9216,0.0,3.6112,50.91,Q4_wide
HJCID,USD,1,100.05,104.0,3.95,3.948,0.0,0.9391,50.9,Q4_wide
IRCQD,USD,2,98.0,101.9,3.9,3.9796,0.0,0.9719,50.88,Q4_wide
IRCJD,USD,1,102.9,107.0,4.1,3.9845,0.0,0.6982,50.86,Q4_wide
CACBD,USD,1,100.0,104.0,4.0,4.0,0.0,1.9986,50.85,Q4_wide
GOC4D,USD,2,83.43,86.8,3.37,4.0393,0.83,2.8611,77.86,Q4_wide
MSSGD,USD,1,99.0,103.0,4.0,4.0404,0.0,2.8282,50.8,Q4_wide
HJCGD,USD,1,99.0,103.0,4.0,4.0404,0.0,2.3436,50.8,Q4_wide
AFCKD,USD,2,100.05,104.1,4.05,4.048,0.0,2.6393,50.78,Q4_wide
HJCJO,ARS,2,152290.0,158500.0,6210.0,4.0777,0.0,1.1006,50.76,Q4_wide
OZC7O,ARS,2,98.0,102.0,4.0,4.0816,0.0,0.501,50.74,Q4_wide
DNC3C,EXT,2,98.0,102.0,4.0,4.0816,0.0,0.4298,50.74,Q4_wide
HJCLD,USD,1,100.85,105.0,4.15,4.115,0.0,2.4695,50.71,Q4_wide
HJCJD,USD,1,103.15,107.4,4.25,4.1202,0.0,1.1006,50.7,Q4_wide
XMC1D,USD,1,101.05,105.25,4.2,4.1564,0.0,1.399,50.68,Q4_wide
YMCWD,USD,2,96.0,100.0,4.0,4.1667,0.0,0.0356,50.65,Q4_wide
SBC3D,USD,1,100.8,105.0,4.2,4.1667,0.0,2.9377,50.65,Q4_wide
XMC1O,ARS,1,146740.0,152900.0,6160.0,4.1979,0.0,1.399,50.63,Q4_wide
BGC4O,ARS,2,144870.0,151000.0,6130.0,4.2314,0.0,0.4052,50.61,Q4_wide
CAC5O,ARS,1,97480.0,101650.0,4170.0,4.2778,0.0,2.1875,50.6,Q4_wide
PQCTO,ARS,2,150440.0,156900.0,6460.0,4.2941,0.0,2.0917,50.58,Q4_wide
MIC4O,ARS,1,143810.0,150000.0,6190.0,4.3043,0.0,1.1116,50.56,Q4_wide
YFCNO,ARS,1,146640.0,153000.0,6360.0,4.3372,0.0,0.293,50.55,Q4_wide
MSSGO,ARS,2,148500.0,155000.0,6500.0,4.3771,0.0,2.8282,50.53,Q4_wide
TLCWD,USD,1,98.5,102.85,4.35,4.4162,0.0,3.9452,50.51,Q4_wide
MIC3O,ARS,2,148420.0,155000.0,6580.0,4.4334,0.0,0.3997,50.5,Q4_wide
T661O,ARS,2,101.5,106.0,4.5,4.4335,490.78,0.4517,78.54,Q4_wide
CLI1O,ARS,2,45000.0,47000.0,2000.0,4.4444,4948.0,8.4791,81.25,Q4_wide
PN37O,ARS,1,150170.0,156920.0,6750.0,4.4949,0.0,2.4066,50.45,Q4_wide
YM38C,EXT,2,100.0,104.5,4.5,4.5,0.0,1.0924,50.43,Q4_wide
YFCID,USD,1,102.35,107.0,4.65,4.5432,0.0,0.9856,50.41,Q4_wide
RZBCD,USD,2,74.5,77.9,3.4,4.5638,0.0,3.2115,50.4,Q4_wide
LMS8D,USD,1,104.0,108.75,4.75,4.5673,0.0,0.7556,50.38,Q4_wide
FYC1O,ARS,2,145300.0,152000.0,6700.0,4.6111,0.0,2.8966,50.36,Q4_wide
CS51O,ARS,1,150100.0,157040.0,6940.0,4.6236,0.0,0.5914,50.35,Q4_wide
CS47O,ARS,2,150510.0,157490.0,6980.0,4.6376,0.0,2.412,50.33,Q4_wide
MCC3C,EXT,2,96.0,100.5,4.5,4.6875,0.0,3.896,50.31,Q4_wide
VSCOD,USD,1,105.0,110.0,5.0,4.7619,0.0,0.7146,50.3,Q4_wide
CIC8D,USD,2,98.5,103.2,4.7,4.7716,0.0,2.4038,50.28,Q4_wide
VBC2D,USD,1,102.05,106.95,4.9,4.8016,27348.0,0.2163,82.18,Q4_wide
PN36D,USD,1,104.25,109.3,5.05,4.8441,0.0,5.4045,50.25,Q4_wide
RCCRO,ARS,1,151100.0,158480.0,7380.0,4.8842,69428.3,0.8898,83.45,Q4_wide
DNC9O,ARS,2,101.0,106.0,5.0,4.9505,0.0,0.1369,50.21,Q4_wide
MSSFD,USD,1,100.0,105.0,5.0,5.0,0.0,1.0951,50.18,Q4_wide
MSSFO,ARS,1,147400.0,154770.0,7370.0,5.0,0.0,1.0951,50.18,Q4_wide
BF39D,USD,1,100.0,105.0,5.0,5.0,0.0,0.4654,50.18,Q4_wide
SBC2O,ARS,1,151880.0,159550.0,7670.0,5.05,0.0,2.5818,50.15,Q4_wide
CS47O,ARS,1,149900.0,157500.0,7600.0,5.07,215856.0,2.412,83.0,Q4_wide
OLC6D,USD,1,104.6,110.0,5.4,5.1625,0.0,2.9651,50.11,Q4_wide
TLCWO,ARS,1,144200.0,151710.0,7510.0,5.208,0.0,3.9452,50.1,Q4_wide
CS53D,USD,1,100.75,106.0,5.25,5.2109,0.0,3.8658,50.08,Q4_wide
PLC6O,ARS,1,152500.0,160450.0,7950.0,5.2131,0.0,2.6968,50.06,Q4_wide
MGCED,USD,1,94.05,99.0,4.95,5.2632,0.0,1.5031,50.05,Q4_wide
IRCND,USD,1,101.6,107.0,5.4,5.315,0.0,1.347,50.03,Q4_wide
RZBCO,ARS,2,110000.0,116000.0,6000.0,5.4545,0.0,3.2115,50.01,Q4_wide
CACBO,ARS,1,145330.0,153300.0,7970.0,5.4841,0.0,1.9986,50.0,Q4_wide
LIC6O,ARS,2,49200.0,51900.0,2700.0,5.4878,0.0,0.0383,49.98,Q4_wide
LMS7O,ARS,1,126990.0,133990.0,7000.0,5.5122,379730.0,2.319,83.14,Q4_wide
CS51O,ARS,2,150100.0,158410.0,8310.0,5.5363,51034.0,0.5914,82.22,Q4_wide
PLC1O,ARS,1,147050.0,155200.0,8150.0,5.5423,0.0,1.6099,49.93,Q4_wide
RC3CO,ARS,2,97.55,103.0,5.45,5.5869,0.0,0.4928,49.91,Q4_wide
LIC6D,USD,2,33.2,35.1,1.9,5.7229,0.0,0.0383,49.9,Q4_wide
GN43O,ARS,2,145600.0,154000.0,8400.0,5.7692,0.0,0.7201,49.88,Q4_wide
OTS3O,ARS,2,149860.0,158530.0,8670.0,5.7854,0.0,2.3737,49.86,Q4_wide
CP37O,ARS,2,141300.0,149500.0,8200.0,5.8033,0.0,0.7255,49.85,Q4_wide
LR3DO,ARS,2,119000.0,126000.0,7000.0,5.8824,0.0,4.4052,49.83,Q4_wide
YMCYO,ARS,1,146030.0,154800.0,8770.0,6.0056,0.0,2.3135,49.81,Q4_wide
MSSFO,ARS,2,149900.0,159000.0,9100.0,6.0707,5667030.0,1.0951,86.44,Q4_wide
PN36O,ARS,1,150810.0,160000.0,9190.0,6.0938,0.0,5.4045,49.78,Q4_wide
HJCJO,ARS,1,149170.0,158330.0,9160.0,6.1406,0.0,1.1006,49.76,Q4_wide
BVCPD,USD,2,96.0,101.9,5.9,6.1458,0.0,0.3422,49.75,Q4_wide
EMC1O,ARS,1,154610.0,164300.0,9690.0,6.2674,0.0,1.0431,49.73,Q4_wide
VBC2O,ARS,1,148290.0,157630.0,9340.0,6.2985,0.0,0.2163,49.71,Q4_wide
T672D,USD,1,96.89,103.0,6.11,6.3061,0.0,0.6817,49.7,Q4_wide
YFCLD,USD,1,102.5,109.0,6.5,6.3415,627.9,2.4285,77.81,Q4_wide
SXC4O,ARS,1,142900.0,152000.0,9100.0,6.3681,0.0,0.2053,49.66,Q4_wide
GOC4O,ARS,2,123000.0,130990.0,7990.0,6.4959,0.0,2.8611,49.65,Q4_wide
SNABD,USD,2,75.0,79.89,4.89,6.52,3.76,0.1123,77.61,Q4_wide
NPCCO,ARS,1,157700.0,168000.0,10300.0,6.5314,0.0,3.1869,49.61,Q4_wide
CLI1D,USD,2,30.5,32.5,2.0,6.5574,0.0,8.4791,49.6,Q4_wide
XMC1C,EXT,2,98.5,105.0,6.5,6.599,0.0,1.399,49.58,Q4_wide
SIC1O,ARS,2,146230.0,156000.0,9770.0,6.6813,302640.0,0.4764,83.16,Q4_wide
VSCWD,USD,1,102.15,109.0,6.85,6.7058,0.0,0.7392,49.55,Q4_wide
IRCNO,ARS,1,147420.0,157630.0,10210.0,6.9258,0.0,1.347,49.53,Q4_wide
LMS7D,USD,1,86.0,92.0,6.0,6.9767,3440.0,2.319,81.15,Q4_wide
OLC6O,ARS,1,152920.0,163750.0,10830.0,7.0821,0.0,2.9651,49.5,Q4_wide
CIC8O,ARS,2,140010.0,150000.0,9990.0,7.1352,0.0,2.4038,49.48,Q4_wide
VAC3P,ARS,2,139010.0,149000.0,9990.0,7.1865,0.0,1.358,49.46,Q4_wide
SNSDD,USD,2,69.01,74.0,4.99,7.2308,0.67,0.6379,76.46,Q4_wide
HBCAO,ARS,2,142000.0,152370.0,10370.0,7.3028,0.0,0.178,49.43,Q4_wide
PQCRO,ARS,1,138050.0,148200.0,10150.0,7.3524,0.0,2.3463,49.41,Q4_wide
AFCHO,ARS,2,141210.0,151780.0,10570.0,7.4853,0.0,0.1697,49.4,Q4_wide
CP36O,ARS,2,138580.0,149000.0,10420.0,7.5191,1292016.0,1.3114,84.17,Q4_wide
RC3CD,USD,2,0.066,0.071,0.005,7.5758,0.0,0.4928,49.36,Q4_wide
PFC2D,USD,1,104.0,112.0,8.0,7.6923,0.0,1.0705,49.34,Q4_wide
GYC5D,USD,1,97.5,105.0,7.5,7.6923,0.0,1.2156,49.34,Q4_wide
YFCGO,ARS,1,147000.0,158490.0,11490.0,7.8163,0.0,0.6954,49.31,Q4_wide
SIC1D,USD,1,99.1,106.9,7.8,7.8708,0.0,0.4764,49.3,Q4_wide
SXC1O,ARS,1,102.85,111.0,8.15,7.9242,0.0,0.0821,49.28,Q4_wide
BF40D,USD,2,98.1,106.0,7.9,8.053,0.0,1.191,49.26,Q4_wide
AFCKD,USD,1,98.0,106.0,8.0,8.1633,0.0,2.6393,49.25,Q4_wide
RC4CO,ARS,2,96.05,103.9,7.85,8.1728,445.12,0.6899,77.17,Q4_wide
YFCLO,ARS,1,148510.0,160670.0,12160.0,8.188,0.0,2.4285,49.21,Q4_wide
CIC9O,ARS,2,147500.0,160000.0,12500.0,8.4746,0.0,0.9227,49.2,Q4_wide
VSCOO,ARS,1,152010.0,165070.0,13060.0,8.5915,0.0,0.7146,49.18,Q4_wide
MIC3D,USD,1,100.15,109.0,8.85,8.8367,0.0,0.3997,49.16,Q4_wide
LMS8O,ARS,1,145000.0,158000.0,13000.0,8.9655,0.0,0.7556,49.15,Q4_wide
PN42O,ARS,1,140010.0,152640.0,12630.0,9.0208,0.0,0.8296,49.13,Q4_wide
HJCIO,ARS,1,146160.0,159500.0,13340.0,9.127,0.0,0.9391,49.11,Q4_wide
OT41O,ARS,1,145560.0,159150.0,13590.0,9.3364,0.0,1.5825,49.1,Q4_wide
SBC1D,USD,1,70.0,77.0,7.0,10.0,0.0,1.2156,49.08,Q4_wide
CLSIO,ARS,1,56210.0,62000.0,5790.0,10.3007,0.0,1.1034,49.06,Q4_wide
HVS1O,ARS,2,152050.0,168000.0,15950.0,10.49,198955.0,2.0561,82.38,Q4_wide
YMCTO,ARS,2,135010.0,150000.0,14990.0,11.1029,1119000.0,0.3121,84.07,Q4_wide
MGCEO,ARS,2,135260.0,151000.0,15740.0,11.6368,0.0,1.5031,49.01,Q4_wide
CACDO,ARS,2,146840.0,164190.0,17350.0,11.8156,0.0,2.9624,49.0,Q4_wide
PNRCO,ARS,2,125050.0,140000.0,14950.0,11.9552,0.0,2.1383,48.98,Q4_wide
SNEAO,ARS,1,71300.0,80400.0,9100.0,12.763,0.0,3.0719,48.96,Q4_wide
RZBAO,ARS,2,92000.0,104000.0,12000.0,13.0435,1047.9,3.2115,77.62,Q4_wide
VSCQD,USD,2,88.41,99.98,11.57,13.0868,0.89,2.0561,75.99,Q4_wide
RZBBD,USD,2,75.0,85.0,10.0,13.3333,0.0,3.2115,48.91,Q4_wide
SNSBO,ARS,2,101010.0,114500.0,13490.0,13.3551,0.0,0.3231,48.9,Q4_wide
CRCJO,ARS,2,8250.0,9400.0,1150.0,13.9394,44500.0,1.911,81.13,Q4_wide
ZPC2O,ARS,2,145000.0,166700.0,21700.0,14.9655,0.0,0.9555,48.86,Q4_wide
SNSBD,USD,2,68.01,79.0,10.99,16.1594,0.0,0.3231,48.85,Q4_wide
SNSDO,ARS,2,98110.0,116000.0,17890.0,18.2346,976.0,0.6379,77.32,Q4_wide
VSCQO,ARS,1,133500.0,160900.0,27400.0,20.5243,0.0,2.0561,48.81,Q4_wide
EAC1O,ARS,2,132000.0,160000.0,28000.0,21.2121,0.0,0.3176,48.8,Q4_wide
AER9O,ARS,2,45020.0,55000.0,9980.0,22.1679,1318332.2,0.1697,83.96,Q4_wide
RZABD,USD,2,56.8,70.5,13.7,24.1197,0.0,1.4456,48.76,Q4_wide
SNABO,ARS,2,103000.0,129710.0,26710.0,25.932,1250422.0,0.1123,83.99,Q4_wide
VSCMO,ARS,2,115010.0,150000.0,34990.0,30.4234,0.0,2.1492,48.73,Q4_wide
LR6BO,ARS,2,43990.0,59000.0,15010.0,34.1214,0.0,0.1533,48.71,Q4_wide
RZ9BD,USD,2,60.1,85.0,24.9,41.4309,0.0,0.0274,48.7,Q4_wide
CP39O,ARS,2,100000.0,150000.0,50000.0,50.0,0.0,0.7775,48.68,Q4_wide
PECND,USD,1,68.26,105.0,36.74,53.8236,0.0,6.1875,48.66,Q4_wide
PECMD,USD,2,54.88,90.0,35.12,63.9942,0.0,6.1875,48.65,Q4_wide
CP28O,ARS,2,43010.0,71000.0,27990.0,65.0779,0.0,0.2218,48.63,Q4_wide
RZ9BO,ARS,2,77930.0,136060.0,58130.0,74.5926,0.0,0.0274,48.61,Q4_wide
RZBBO,ARS,2,77000.0,138950.0,61950.0,80.4545,0.0,3.2115,48.6,Q4_wide
PECMD,USD,1,45.456,95.0,49.544,108.9933,0.0,6.1875,48.58,Q4_wide
RC3CO,ARS,1,1.0,103.0,102.0,10200.0,0.0,0.4928,48.56,Q4_wide
SXC3O,ARS,2,1.0,105.0,104.0,10400.0,0.0,0.6845,48.55,Q4_wide
SNEBO,ARS,1,1.0,98500.0,98499.0,9849900.0,985.5,3.0719,77.06,Q4_wide
